"R0","K","alpha","scenario","seasonal_amp","T0","n_runs","p_persist","occ_median","occ_mean","p_failed","p_burnout","fadeout_hazard","ext_rate","col_rate","p_initial_burnout"
1.5,1000,1e-05,"constant",0,157.216164328629,5,0,0,0,0.548387096774194,0.452380952380952,0.555726332324631,0.590996358723509,0.0126022716388188,0.316
1.5,1000,1e-05,"seasonal",0.4,157.216164328629,5,0,0,0,1,NA,2.1703485335339,3.73507462686567,0.000997322258046888,0.993
1.5,1000,2e-05,"constant",0,157.216164328629,5,0,0,0,0.59047619047619,0.430232558139535,0.595699016811405,0.688150229123721,0.0245593809946597,0.356
1.5,1000,2e-05,"seasonal",0.4,157.216164328629,5,0,0,0,1,NA,3.19682584777021,3.70569639491762,0.00290482519319077,0.995
1.5,1000,3e-05,"constant",0,157.216164328629,5,0,0,0,0.537037037037037,0.411428571428571,0.551267193508755,0.663094793933969,0.0305291925861658,0.317
1.5,1000,3e-05,"seasonal",0.4,157.216164328629,5,0,0,0,0,0,1.5619934653981,3.70016102407259,0.00103441337425643,0.993
1.5,1000,5e-05,"constant",0,157.216164328629,5,0,0,0,0.594545454545455,0.461883408071749,0.58660690862197,0.765342012846112,0.0567252559206191,0.328
1.5,1000,5e-05,"seasonal",0.4,157.216164328629,5,0,0,0,0.727272727272727,1,1.61119883040357,3.62493737659505,0.0103001275009556,0.989
1.5,1000,8e-05,"constant",0,157.216164328629,5,0,0,0,0.57774607703281,0.449324324324324,0.56006502339329,0.918114949461947,0.0825360850415382,0.349
1.5,1000,8e-05,"seasonal",0.4,157.216164328629,5,0,0,0,0.714285714285714,1,2.06398441980967,3.72535803695408,0.00979163552888245,0.994
1.5,1000,1e-04,"constant",0,157.216164328629,5,0,0,0,0.571247892074199,0.433628318584071,0.550524406015694,0.987338786727987,0.11309052401518,0.311
1.5,1000,1e-04,"seasonal",0.4,157.216164328629,5,0,0,0,0.692307692307692,0.75,3.78529580246721,3.72715542876728,0.0182783314136912,0.993
1.5,1000,2e-04,"constant",0,157.216164328629,5,1,0.35,0.351654429894252,0.574049480154815,0.435392632844862,0.56274827683837,1.46997608788241,0.830208547171708,0.295
1.5,1000,2e-04,"seasonal",0.4,157.216164328629,5,0,0,0,0.551724137931034,0.884615384615385,2.30307965682831,3.77056543347296,0.0594691319529303,0.99
1.5,2000,1e-05,"constant",0,157.216164328629,5,1,0.485,0.487581611966468,0.583440425922526,0.162626707800793,0.0457116461609999,0.111081526720168,0.118282948537843,0.066
1.5,2000,1e-05,"seasonal",0.4,157.216164328629,5,0,0,0,0.7,0.333333333333333,1.22337760673907,2.98531031355273,0.00455162162431788,0.974
1.5,2000,2e-05,"constant",0,157.216164328629,5,1,0.745,0.732348309681661,0.571938716737703,0.155543595263724,0.0465759270384749,0.119705496291438,0.346697821977792,0.0730730730730731
1.5,2000,2e-05,"seasonal",0.4,157.216164328629,5,0,0,0,0.470588235294118,1,1.31532867204672,2.98888844156367,0.0136913758674331,0.972
1.5,2000,3e-05,"constant",0,157.216164328629,5,1,0.83,0.832966029258671,0.55978705978706,0.153720930232558,0.0468733790665132,0.119333666676477,0.58639470969214,0.065
1.5,2000,3e-05,"seasonal",0.4,157.216164328629,5,0,0,0,0.6,1,1.35013957397233,3.03096326503766,0.00561044742165356,0.976
1.5,2000,5e-05,"constant",0,157.216164328629,5,1,0.895,0.892886033641992,0.572819204234004,0.145796460176991,0.0455221177254821,0.119394395920757,1.04406564976015,0.0750750750750751
1.5,2000,5e-05,"seasonal",0.4,157.216164328629,5,0,0,0,0.676470588235294,0.818181818181818,1.55473522501385,3.12948805121146,0.019010358424147,0.98
1.5,2000,8e-05,"constant",0,157.216164328629,5,1,0.94,0.938731357185908,0.56925334800954,0.142248722316865,0.044980812247534,0.117399026289573,1.72385745909171,0.072
1.5,2000,8e-05,"seasonal",0.4,157.216164328629,5,0,0,0,0.594059405940594,0.853658536585366,1.45222816473249,3.063812754927,0.0462642830698953,0.969
1.5,2000,1e-04,"constant",0,157.216164328629,5,1,0.95,0.950787792449729,0.581857028398469,0.129018522461145,0.0449668309851955,0.119127838850001,2.232295903436,0.064
1.5,2000,1e-04,"seasonal",0.4,157.216164328629,5,0,0,0,0.488188976377953,0.892307692307692,1.54882682949123,3.03607672947619,0.0627002709279315,0.97
1.5,2000,2e-04,"constant",0,157.216164328629,5,1,0.975,0.976221522108378,0.581375916813666,0.125970281658904,0.0416727485858222,0.110848510389604,4.52995732371891,0.07
1.5,2000,2e-04,"seasonal",0.4,157.216164328629,5,0,0,0,0.514498933901919,0.842775581906017,1.56970996744813,3.98342159797375,0.477151911638886,0.973
1.5,3000,1e-05,"constant",0,157.216164328629,5,1,0.975,0.975453071064599,0.592848904267589,0.056657223796034,0.00348561044652111,0.00912253025430924,0.356662052005808,0.019
1.5,3000,1e-05,"seasonal",0.4,157.216164328629,5,0,0,0,0.571428571428571,1,1.21734474244161,2.73442579348661,0.00664112454642809,0.965
1.5,3000,2e-05,"constant",0,157.216164328629,5,1,0.99,0.986994740014246,0.558752997601918,0.0516304347826087,0.00346434632452606,0.00859848412957652,0.661180304566769,0.025
1.5,3000,2e-05,"seasonal",0.4,157.216164328629,5,0,0,0,0.526315789473684,0.555555555555556,1.26390293923537,2.62816300284767,0.0105094706469803,0.955
1.5,3000,3e-05,"constant",0,157.216164328629,5,1,0.99,0.990892663415703,0.583157894736842,0.0656565656565657,0.00366683442753889,0.00969924957149539,1.03043679607673,0.021
1.5,3000,3e-05,"seasonal",0.4,157.216164328629,5,0,0,0,0.442622950819672,0.852941176470588,1.14889795022675,2.6256856350557,0.0198032747225185,0.955
1.5,3000,5e-05,"constant",0,157.216164328629,5,1,0.995,0.995238617062079,0.598258706467662,0.0495356037151703,0.00301017858159617,0.00815882617730667,1.69027911343133,0.018
1.5,3000,5e-05,"seasonal",0.4,157.216164328629,5,0,0,0,0.511627906976744,0.777777777777778,1.1815552405326,2.76546697894786,0.0431027774904361,0.968
1.5,3000,8e-05,"constant",0,157.216164328629,5,1,1,0.997464960824064,0.51878612716763,0.033033033033033,0.00312510091652852,0.00696801279032414,2.65649415342671,0.016
1.5,3000,8e-05,"seasonal",0.4,157.216164328629,5,0,0,0,0.503086419753086,0.807453416149068,1.26984777517435,2.80924284261009,0.0622888218795676,0.958
1.5,3000,1e-04,"constant",0,157.216164328629,5,1,1,0.99740260807627,0.582292849035187,0.046195652173913,0.00338855075956894,0.00887220871840454,3.48932507632685,0.02
1.5,3000,1e-04,"seasonal",0.4,157.216164328629,5,0,0,0,0.503957783641161,0.797872340425532,1.22778988443343,3.07811426368801,0.140804177253359,0.964
1.5,3000,2e-04,"constant",0,157.216164328629,5,1,1,0.9990983507753,0.578125,0.0303030303030303,0.0027356898492049,0.00706692733131472,7.00644389461429,0.018018018018018
1.5,3000,2e-04,"seasonal",0.4,157.216164328629,5,1,0.315,0.338262506164046,0.506492397724362,0.845954234489266,1.32065028546469,3.82027584159678,1.95505834501534,0.954
1.5,5000,1e-05,"constant",0,157.216164328629,5,1,1,0.999931072270013,0.571428571428571,0,3.02071554743217e-05,0.000140047301455681,0.383403361344578,0.003
1.5,5000,1e-05,"seasonal",0.4,157.216164328629,5,0,0,0,0.469387755102041,0.884615384615385,0.882917957480121,2.08956160600752,0.0146964205156607,0.919
1.5,5000,2e-05,"constant",0,157.216164328629,5,1,1,1,0.714285714285714,0,1.0065857755367e-05,0.000140004545353048,2.33867276888006,0.003
1.5,5000,2e-05,"seasonal",0.4,157.216164328629,5,0,0,0,0.526785714285714,0.641509433962264,1.03399822956945,2.20419246225698,0.0301684058270482,0.923
1.5,5000,3e-05,"constant",0,157.216164328629,5,1,1,1,0.75,0,1.00655454727846e-05,8.00010454931151e-05,1.97698036560629,0.001
1.5,5000,3e-05,"seasonal",0.4,157.216164328629,5,0,0,0,0.495049504950495,0.764705882352941,0.965951522762656,2.24813351575431,0.0473159903404274,0.924
1.5,5000,5e-05,"constant",0,157.216164328629,5,1,1,1,0.25,0,0,3.99997260292738e-05,1.94666666666742,0.003
1.5,5000,5e-05,"seasonal",0.4,157.216164328629,5,0,0,0,0.509205983889528,0.728018757327081,0.873194750018863,2.39780126971635,0.162225789903575,0.927
1.5,5000,8e-05,"constant",0,157.216164328629,5,1,1,1,NA,NA,0,0,NA,0
1.5,5000,8e-05,"seasonal",0.4,157.216164328629,5,1,0.27,0.283265793655142,0.500874293226461,0.766736562164374,0.929765731994051,2.82803393531209,1.09101733869303,0.925
1.5,5000,1e-04,"constant",0,157.216164328629,5,1,1,0.999973535696674,0.647058823529412,0,3.01969617256864e-05,0.000170000903566446,5.19681742044178,0.002002002002002
1.5,5000,1e-04,"seasonal",0.4,157.216164328629,5,1,0.355,0.363215988165032,0.497150826121891,0.788381361691186,0.95633690857644,2.95850888909054,1.71961710145529,0.917
1.5,5000,2e-04,"constant",0,157.216164328629,5,1,1,0.999988493781163,0.285714285714286,0,3.01961822958676e-05,6.99986652309315e-05,8.40460526317007,0.002
1.5,5000,2e-04,"seasonal",0.4,157.216164328629,5,1,0.425,0.481147553558709,0.480469862657436,0.856461782338709,1.00683382993858,3.3774346833821,3.11978058396096,0.933
1.5,7500,1e-05,"constant",0,157.216164328629,5,1,1,1,NA,NA,0,0,NA,0
1.5,7500,1e-05,"seasonal",0.4,157.216164328629,5,0,0,0,0.510344827586207,0.676056338028169,0.764239727453425,1.82824933396911,0.0202296683710425,0.893
1.5,7500,2e-05,"constant",0,157.216164328629,5,1,1,1,NA,NA,0,0,NA,0
1.5,7500,2e-05,"seasonal",0.4,157.216164328629,5,0,0,0,0.460111317254174,0.690721649484536,0.763284753551695,1.87762598897628,0.0583570907565702,0.896
1.5,7500,3e-05,"constant",0,157.216164328629,5,1,1,1,NA,NA,0,0,NA,0
1.5,7500,3e-05,"seasonal",0.4,157.216164328629,5,0,0,0.00349334283052983,0.493392857142857,0.696510398308072,0.722959909911798,2.0938740494342,0.134357880092954,0.893
1.5,7500,5e-05,"constant",0,157.216164328629,5,1,1,1,NA,NA,0,0,NA,0
1.5,7500,5e-05,"seasonal",0.4,157.216164328629,5,1,0.34,0.3449124431538,0.491504034468253,0.727883482489785,0.712323997988523,2.27546170781069,1.20747474394989,0.883
1.5,7500,8e-05,"constant",0,157.216164328629,5,1,1,1,NA,NA,0,0,NA,0
1.5,7500,8e-05,"seasonal",0.4,157.216164328629,5,1,0.5,0.503745822146732,0.480980245717991,0.770829050774023,0.724296331697872,2.45280438393634,2.44398157115316,0.886
1.5,7500,1e-04,"constant",0,157.216164328629,5,1,1,1,0,0,0,9.99973480155376e-06,11.406250000166,0.001
1.5,7500,1e-04,"seasonal",0.4,157.216164328629,5,1,0.525,0.536415045750918,0.479601347433931,0.785542032746196,0.745198770132437,2.5507577378659,2.95470481322315,0.887
1.5,7500,2e-04,"constant",0,157.216164328629,5,1,1,1,NA,NA,0,0,NA,0
1.5,7500,2e-04,"seasonal",0.4,157.216164328629,5,1,0.665,0.673414607418772,0.514858322940553,0.687609702162947,0.751154821521442,2.24611884290819,4.50109861001324,0.877
1.5,10000,1e-05,"constant",0,157.216164328629,5,1,1,1,NA,NA,0,0,NA,0
1.5,10000,1e-05,"seasonal",0.4,157.216164328629,5,0,0,0,0.500994035785288,0.689243027888446,0.502267943764591,1.39283619680655,0.0434654353965536,0.828
1.5,10000,2e-05,"constant",0,157.216164328629,5,1,1,1,NA,NA,0,0,NA,0
1.5,10000,2e-05,"seasonal",0.4,157.216164328629,5,0,0,0.0262410278888828,0.489285313586896,0.668936731107206,0.543192377988614,1.70917587683808,0.175314268790046,0.856
1.5,10000,3e-05,"constant",0,157.216164328629,5,1,1,1,NA,NA,0,0,NA,0
1.5,10000,3e-05,"seasonal",0.4,157.216164328629,5,1,0.34,0.341462385622706,0.489176011701609,0.689701250357927,0.556199558117973,1.84659814844331,0.931383853675621,0.845
1.5,10000,5e-05,"constant",0,157.216164328629,5,1,1,1,NA,NA,0,0,NA,0
1.5,10000,5e-05,"seasonal",0.4,157.216164328629,5,1,0.535,0.532874637006191,0.475575715282624,0.723811635987285,0.569051986422862,1.95301280878613,2.21202005440501,0.86
1.5,10000,8e-05,"constant",0,157.216164328629,5,1,1,1,NA,NA,0,0,NA,0
1.5,10000,8e-05,"seasonal",0.4,157.216164328629,5,1,0.625,0.615751849213742,0.473010529612088,0.750293396716928,0.595732059585777,2.09786267354371,3.30678151673293,0.846
1.5,10000,1e-04,"constant",0,157.216164328629,5,1,1,1,NA,NA,0,0,NA,0
1.5,10000,1e-04,"seasonal",0.4,157.216164328629,5,1,0.66,0.655502712180154,0.479925395858709,0.726232123775927,0.599379301646147,2.02392992842519,3.79433979007969,0.834
1.5,10000,2e-04,"constant",0,157.216164328629,5,1,1,1,NA,NA,0,0,NA,0
1.5,10000,2e-04,"seasonal",0.4,157.216164328629,5,1,0.88,0.836691140211495,0.533897926947893,0.439804709936818,0.557000254883516,1.35891397991424,6.55919353767603,0.842
1.5,15000,1e-05,"constant",0,157.216164328629,5,1,1,1,NA,NA,0,0,NA,0
1.5,15000,1e-05,"seasonal",0.4,157.216164328629,5,0,0,0.0316866473069969,0.493432574430823,0.624243733794296,0.367580487013158,1.21582421020426,0.14850922724868,0.764
1.5,15000,2e-05,"constant",0,157.216164328629,5,1,1,1,NA,NA,0,0,NA,0
1.5,15000,2e-05,"seasonal",0.4,157.216164328629,5,1,0.52,0.509429729877815,0.480929659843004,0.64832167002728,0.370845816172145,1.31214576446105,1.30405689787675,0.775
1.5,15000,3e-05,"constant",0,157.216164328629,5,1,1,1,NA,NA,0,0,NA,0
1.5,15000,3e-05,"seasonal",0.4,157.216164328629,5,1,0.655,0.640400361624021,0.477894042232278,0.659406879118895,0.376401786074304,1.34794163591767,2.32754412179163,0.781
1.5,15000,5e-05,"constant",0,157.216164328629,5,1,1,1,NA,NA,0,0,NA,0
1.5,15000,5e-05,"seasonal",0.4,157.216164328629,5,1,0.76,0.734224261684291,0.471675001518495,0.655827856444845,0.394874878066756,1.36145458661165,3.66829154042145,0.769
1.5,15000,8e-05,"constant",0,157.216164328629,5,1,1,1,NA,NA,0,0,NA,0
1.5,15000,8e-05,"seasonal",0.4,157.216164328629,5,1,0.865,0.827539312914361,0.488349292460538,0.540091125872935,0.386803496610226,1.12713552002782,5.07778772732306,0.76
1.5,15000,1e-04,"constant",0,157.216164328629,5,1,1,1,NA,NA,0,0,NA,0
1.5,15000,1e-04,"seasonal",0.4,157.216164328629,5,1,0.905,0.862266944277026,0.495468777692444,0.456991639540058,0.378610343682287,0.994496583663781,5.86344301356979,0.793
1.5,15000,2e-04,"constant",0,157.216164328629,5,1,1,1,NA,NA,0,0,NA,0
1.5,15000,2e-04,"seasonal",0.4,157.216164328629,5,1,0.985,0.939553339543039,0.487922461019806,0.188452549458508,0.328741986454195,0.638697185871213,8.96347538631169,0.781
1.5,30000,1e-05,"constant",0,157.216164328629,5,1,1,1,NA,NA,0,0,NA,0
1.5,30000,1e-05,"seasonal",0.4,157.216164328629,5,1,0.855,0.844621609774807,0.475913856616605,0.527980535279805,0.116607670755831,0.428373517470467,2.08681526681685,0.634
1.5,30000,2e-05,"constant",0,157.216164328629,5,1,1,1,NA,NA,0,0,NA,0
1.5,30000,2e-05,"seasonal",0.4,157.216164328629,5,1,0.94,0.919471152265629,0.462304253626964,0.490105069876568,0.12122779019584,0.403577519989756,4.00151492202686,0.64
1.5,30000,3e-05,"constant",0,157.216164328629,5,1,1,1,NA,NA,0,0,NA,0
1.5,30000,3e-05,"seasonal",0.4,157.216164328629,5,1,0.965,0.941750205468194,0.450253304955185,0.425541196357489,0.123017428587683,0.358637110771264,5.16311330463303,0.623
1.5,30000,5e-05,"constant",0,157.216164328629,5,1,1,1,NA,NA,0,0,NA,0
1.5,30000,5e-05,"seasonal",0.4,157.216164328629,5,1,0.985,0.966754643581174,0.44703341668561,0.296060294621446,0.113015181232813,0.276061986614096,6.76788242078958,0.63
1.5,30000,8e-05,"constant",0,157.216164328629,5,1,1,1,NA,NA,0,0,NA,0
1.5,30000,8e-05,"seasonal",0.4,157.216164328629,5,1,0.995,0.981141855240809,0.433715710723192,0.157741765016734,0.10047845699623,0.206306668099857,8.54745788128294,0.632
1.5,30000,1e-04,"constant",0,157.216164328629,5,1,1,1,NA,NA,0,0,NA,0
1.5,30000,1e-04,"seasonal",0.4,157.216164328629,5,1,1,0.983987671908389,0.420052712497255,0.103578867638705,0.0989573954134877,0.186809896883387,9.36141193998921,0.6
1.5,30000,2e-04,"constant",0,157.216164328629,5,1,1,1,NA,NA,0,0,NA,0
1.5,30000,2e-04,"seasonal",0.4,157.216164328629,5,1,1,0.990231877705331,0.421311366505016,0.0243370451153714,0.0859053939514088,0.153078356995515,12.3612010096508,0.618
2,1000,1e-05,"constant",0,126.657110583864,5,0,0,0,0.457142857142857,0.815789473684211,0.656174573378292,0.881459446771631,0.0112777242214618,0.478
2,1000,1e-05,"seasonal",0.4,126.657110583864,5,0,0,0,0.5,1,1.81603507839191,4.229168112121,0.00163339464157056,0.963
2,1000,2e-05,"constant",0,126.657110583864,5,0,0,0,0.43046357615894,0.767441860465116,0.66325868641453,0.951142756879747,0.0211662867884965,0.498
2,1000,2e-05,"seasonal",0.4,126.657110583864,5,0,0,0,0.4,1,1.69181943400824,4.16676132491254,0.00326263399146173,0.963
2,1000,3e-05,"constant",0,126.657110583864,5,0,0,0,0.445344129554656,0.795620437956204,0.666718059338393,0.96161809508115,0.0320371361419264,0.462
2,1000,3e-05,"seasonal",0.4,126.657110583864,5,0,0,0,0.5,0.333333333333333,1.60919996293041,4.32507243986902,0.00452197182749607,0.971
2,1000,5e-05,"constant",0,126.657110583864,5,0,0,0,0.413793103448276,0.797794117647059,0.719185432750977,1.12553711348892,0.0753166358332148,0.472
2,1000,5e-05,"seasonal",0.4,126.657110583864,5,0,0,0,0.652173913043478,0.75,1.63956227120273,4.2518219084491,0.0126130592866372,0.969
2,1000,8e-05,"constant",0,126.657110583864,5,0,0,0,0.412748171368861,0.779359430604982,0.631988900806562,1.2834078074776,0.0879500134831257,0.523
2,1000,8e-05,"seasonal",0.4,126.657110583864,5,0,0,0,0.608695652173913,1,1.56502797939422,4.4481969908152,0.0117108433062661,0.976
2,1000,1e-04,"constant",0,126.657110583864,5,0,0,0,0.419427710843373,0.795071335927367,0.662265147375093,1.4047466324567,0.144102876944134,0.491
2,1000,1e-04,"seasonal",0.4,126.657110583864,5,0,0,0,0.714285714285714,0.875,2.38173497833205,4.44110406211533,0.0221350105693593,0.967
2,1000,2e-04,"constant",0,126.657110583864,5,0.2,0,0.0221139115664895,0.420699568758984,0.799243766985702,0.657554360884229,2.38318062115046,0.363301379677889,0.492
2,1000,2e-04,"seasonal",0.4,126.657110583864,5,0,0,0,0.454054054054054,0.910891089108911,1.70967775119386,4.425713701013,0.067104256312918,0.967
2,2000,1e-05,"constant",0,126.657110583864,5,1,0.075,0.0816955235329571,0.385003150598614,0.652663934426229,0.0750900774396765,0.216318209402685,0.0392779696258992,0.291
2,2000,1e-05,"seasonal",0.4,126.657110583864,5,0,0,0,0.44,0.785714285714286,0.628183243382759,2.72840973731422,0.00555901449790981,0.927
2,2000,2e-05,"constant",0,126.657110583864,5,1,0.305,0.325365130677771,0.40754918543577,0.66190833959429,0.0724092884200362,0.29955339460881,0.187063391064954,0.284
2,2000,2e-05,"seasonal",0.4,126.657110583864,5,0,0,0,0.39344262295082,0.891891891891892,0.636597186583207,2.81800982354011,0.0122633325530479,0.929
2,2000,3e-05,"constant",0,126.657110583864,5,1,0.555,0.555273245301627,0.419415645617342,0.650496562261268,0.0740063142541916,0.324245406676258,0.421949218735521,0.256
2,2000,3e-05,"seasonal",0.4,126.657110583864,5,0,0,0,0.350746268656716,0.770114942528736,0.638871835897789,2.64023729029789,0.0203382359667835,0.925
2,2000,5e-05,"constant",0,126.657110583864,5,1,0.745,0.745821270067394,0.42347446265623,0.623284074713075,0.0734404939203544,0.313141070963802,0.922600753822734,0.266
2,2000,5e-05,"seasonal",0.4,126.657110583864,5,0,0,0,0.397163120567376,0.858823529411765,0.710096928759584,2.73069987569955,0.059051967222802,0.908
2,2000,8e-05,"constant",0,126.657110583864,5,1,0.84,0.840063174620569,0.440598014227565,0.604352261135668,0.0740077183280706,0.314792900832531,1.6703482352181,0.284
2,2000,8e-05,"seasonal",0.4,126.657110583864,5,0,0,0,0.379790940766551,0.882022471910112,0.676249515261918,3.0904083356195,0.0762215142509238,0.932
2,2000,1e-04,"constant",0,126.657110583864,5,1,0.885,0.880036326776615,0.447734583930855,0.574987718436382,0.0730214223883042,0.294956408591559,2.16751476849828,0.261
2,2000,1e-04,"seasonal",0.4,126.657110583864,5,0,0,0,0.372218476062036,0.862513426423201,0.815053875088617,3.22768423151987,0.16474708517013,0.924
2,2000,2e-04,"constant",0,126.657110583864,5,1,0.95,0.951493288039012,0.480611499978529,0.500041339396445,0.0663130335868168,0.246368136203308,4.65264486982269,0.239
2,2000,2e-04,"seasonal",0.4,126.657110583864,5,1,0.255,0.28408596789217,0.436406583229249,0.882121481660159,0.849241342229379,4.16504776353669,1.65152134043644,0.932
2,3000,1e-05,"constant",0,126.657110583864,5,1,0.93,0.928611528135445,0.393833216538192,0.539884393063584,0.00766354108906306,0.0319399658810352,0.342499100635158,0.176
2,3000,1e-05,"seasonal",0.4,126.657110583864,5,0,0,0,0.4,0.793650793650794,0.343243182311931,1.78426861908027,0.0110352711163836,0.9
2,3000,2e-05,"constant",0,126.657110583864,5,1,0.97,0.968894087995178,0.423196410079392,0.503889886295631,0.00736879505984619,0.0307007984735241,0.713287775348825,0.179
2,3000,2e-05,"seasonal",0.4,126.657110583864,5,0,0,0,0.396078431372549,0.811688311688312,0.412264119008938,1.89425737005992,0.0252909031277572,0.888
2,3000,3e-05,"constant",0,126.657110583864,5,1,0.98,0.979307818749658,0.43979057591623,0.485358255451713,0.00707891725961515,0.0296868269953853,1.09525577600904,0.171
2,3000,3e-05,"seasonal",0.4,126.657110583864,5,0,0,0,0.378818737270876,0.829508196721311,0.390792025325467,2.02746049131591,0.0399286780213253,0.906
2,3000,5e-05,"constant",0,126.657110583864,5,1,0.985,0.986073804175114,0.450643776824034,0.487379807692308,0.00727282165173728,0.0310005744062984,1.77104892623747,0.165
2,3000,5e-05,"seasonal",0.4,126.657110583864,5,0,0,0,0.374821173104435,0.828947368421053,0.408656147184701,2.11494723088054,0.131416661150946,0.898
2,3000,8e-05,"constant",0,126.657110583864,5,1,0.995,0.993147389184154,0.455169628432956,0.445515196441809,0.00604905541252113,0.0251111875960792,2.81018219929057,0.168
2,3000,8e-05,"seasonal",0.4,126.657110583864,5,1,0.23,0.239411922634376,0.40070994958329,0.832231665092855,0.458647072600341,2.48038093742041,0.768259916441839,0.896
2,3000,1e-04,"constant",0,126.657110583864,5,1,0.995,0.994139937537669,0.455113192818111,0.407593123209169,0.00704943139635816,0.0258837619452161,3.59903818061603,0.143
2,3000,1e-04,"seasonal",0.4,126.657110583864,5,1,0.31,0.324164484137855,0.420882084042172,0.839771387462281,0.469108937138324,2.66218915414142,1.28919471453097,0.895
2,3000,2e-04,"constant",0,126.657110583864,5,1,1,0.997798148046682,0.476767676767677,0.32046332046332,0.00576199567981094,0.0199230570112511,7.38154638860332,0.142
2,3000,2e-04,"seasonal",0.4,126.657110583864,5,1,0.625,0.647908388581448,0.508744325410867,0.705316230671387,0.479920487797737,2.1004606337164,3.65481072880955,0.886
2,5000,1e-05,"constant",0,126.657110583864,5,1,1,0.999619034573448,0.4,0.354166666666667,5.05219367220199e-05,0.00241112950958286,0.516875147510036,0.088
2,5000,1e-05,"seasonal",0.4,126.657110583864,5,0.2,0,0.00944972878198455,0.393741242410089,0.758859784283513,0.130226703346744,0.699772162512666,0.032196488872288,0.823
2,5000,2e-05,"constant",0,126.657110583864,5,1,1,0.99992131937976,0.371727748691099,0.316666666666667,9.06463920629747e-05,0.00191282962528185,1.26768374731791,0.073
2,5000,2e-05,"seasonal",0.4,126.657110583864,5,1,0.245,0.220043888006137,0.399837050616152,0.77159341591719,0.148518399723168,0.918162044254386,0.253435165597792,0.809
2,5000,3e-05,"constant",0,126.657110583864,5,1,1,0.999906142129198,0.457264957264957,0.322834645669291,6.0416449084225e-05,0.0023528656614515,1.87900120998796,0.081
2,5000,3e-05,"seasonal",0.4,126.657110583864,5,1,0.52,0.499846474165799,0.412578130656177,0.756830039850458,0.150235244303003,0.907505791336711,0.774429721294001,0.857
2,5000,5e-05,"constant",0,126.657110583864,5,1,1,0.999997205632568,0.468085106382979,0.273333333333333,6.04079415817374e-05,0.00282286036961014,2.70975385020415,0.103
2,5000,5e-05,"seasonal",0.4,126.657110583864,5,1,0.71,0.707858199550709,0.449511457586828,0.713278719756144,0.152365972135684,0.845050695030506,1.80284325082818,0.823
2,5000,8e-05,"constant",0,126.657110583864,5,1,1,0.999968056544847,0.452830188679245,0.275862068965517,5.03044266707051e-05,0.00212091059698535,4.64159318577196,0.079
2,5000,8e-05,"seasonal",0.4,126.657110583864,5,1,0.83,0.8334701660183,0.487971048965306,0.636526528851578,0.150391305861406,0.725942708985759,3.18765416585049,0.801
2,5000,1e-04,"constant",0,126.657110583864,5,1,1,0.999982959837817,0.451086956521739,0.168316831683168,6.03507695520965e-05,0.00184044372341825,6.85306122449016,0.078
2,5000,1e-04,"seasonal",0.4,126.657110583864,5,1,0.865,0.864701714974522,0.506253314855686,0.599674278388025,0.149883017567596,0.690625798037424,3.90387181474026,0.84
2,5000,2e-04,"constant",0,126.657110583864,5,1,1,0.999986959618651,0.453488372093023,0.117021276595745,6.03428508516821e-05,0.00172021929261284,11.1056076419625,0.077
2,5000,2e-04,"seasonal",0.4,126.657110583864,5,1,0.955,0.945880828447756,0.538325780024403,0.39610175090849,0.144888934012925,0.491441168656617,7.31538760518237,0.836
2,7500,1e-05,"constant",0,126.657110583864,5,1,1,1,0.466666666666667,0.25,0,0.000750540738898927,1.00285745686345,0.03
2,7500,1e-05,"seasonal",0.4,126.657110583864,5,1,0.815,0.802430003835406,0.415863162065777,0.693046919163369,0.0332977753942019,0.223020186566498,0.490657802194886,0.791
2,7500,2e-05,"constant",0,126.657110583864,5,1,1,1,0.509433962264151,0.153846153846154,0,0.000530114214196725,2.1824232851986,0.022
2,7500,2e-05,"seasonal",0.4,126.657110583864,5,1,0.9,0.900261300750644,0.430732397431712,0.674823169566049,0.0342691879467196,0.218795340639083,1.19056922896953,0.768
2,7500,3e-05,"constant",0,126.657110583864,5,1,1,1,0.417910447761194,0.102564102564103,0,0.000670113295045034,3.41026356156779,0.035
2,7500,3e-05,"seasonal",0.4,126.657110583864,5,1,0.94,0.940500904060051,0.447957913791153,0.642381391536018,0.0323645602023459,0.196492582721289,1.84600052098952,0.783
2,7500,5e-05,"constant",0,126.657110583864,5,1,1,1,0.475409836065574,0.125,1.0054850906292e-05,0.000610068962864131,4.34354272337237,0.027
2,7500,5e-05,"seasonal",0.4,126.657110583864,5,1,0.975,0.970987233576242,0.483625239923225,0.585898478336624,0.0314378012307389,0.176855541138904,3.12164369095761,0.777
2,7500,8e-05,"constant",0,126.657110583864,5,1,1,1,0.5,0.236842105263158,0,0.000760073175264052,6.14532565352322,0.029
2,7500,8e-05,"seasonal",0.4,126.657110583864,5,1,0.985,0.980922086461016,0.506353196983081,0.486717136958018,0.0320033564535263,0.152558388513957,4.58367543146906,0.791
2,7500,1e-04,"constant",0,126.657110583864,5,1,1,1,0.348484848484849,0.0465116279069767,0,0.000660026599976125,9.74908943748036,0.041
2,7500,1e-04,"seasonal",0.4,126.657110583864,5,1,0.99,0.985849323324749,0.524766690595836,0.430513595166163,0.0324287012812765,0.143297819578826,5.55646511506231,0.756
2,7500,2e-04,"constant",0,126.657110583864,5,1,1,1,0.414634146341463,0,0,0.000409998506032841,17.2606689735114,0.024
2,7500,2e-04,"seasonal",0.4,126.657110583864,5,1,1,0.994499479480576,0.537223133716161,0.23930866385996,0.0279994822876312,0.0989490706137059,8.6292982824995,0.768
2,10000,1e-05,"constant",0,126.657110583864,5,1,1,1,0.48,0,0,0.000250035326909065,1.48205294786405,0.013
2,10000,1e-05,"seasonal",0.4,126.657110583864,5,1,0.97,0.9718908552956,0.409039387928592,0.663869575641333,0.00782367506892234,0.078727603687333,0.707969021724365,0.742
2,10000,2e-05,"constant",0,126.657110583864,5,1,1,1,0.40625,0.105263157894737,0,0.000320020034130904,3.55555555555843,0.017
2,10000,2e-05,"seasonal",0.4,126.657110583864,5,1,0.99,0.986587036326777,0.432377327715101,0.650862068965517,0.00773317546625203,0.0776002720218078,1.49601479503866,0.759
2,10000,3e-05,"constant",0,126.657110583864,5,1,1,1,0.433333333333333,0.0588235294117647,0,0.000300018823098764,3.32826747720372,0.016
2,10000,3e-05,"seasonal",0.4,126.657110583864,5,1,0.99,0.99169766040217,0.455708661417323,0.615344872126066,0.00777564534764734,0.0736166567539,2.22347446423899,0.765
2,10000,5e-05,"constant",0,126.657110583864,5,1,1,1,0.409090909090909,0.115384615384615,0,0.000440024388201023,5.31260337413429,0.023
2,10000,5e-05,"seasonal",0.4,126.657110583864,5,1,0.995,0.99585025478056,0.49155379698676,0.551631248129303,0.0079364566814928,0.0670237911068833,3.50911752533296,0.739
2,10000,8e-05,"constant",0,126.657110583864,5,1,1,1,0.275862068965517,0,0,0.000290000723015501,9.70210815766482,0.021
2,10000,8e-05,"seasonal",0.4,126.657110583864,5,1,1,0.997888828009424,0.5154521175124,0.444094488188976,0.00694961970877504,0.0531385730257929,4.73270397576005,0.748
2,10000,1e-04,"constant",0,126.657110583864,5,1,1,1,0.382352941176471,0.0476190476190476,0,0.000339999897534277,12.548028311423,0.02
2,10000,1e-04,"seasonal",0.4,126.657110583864,5,1,1,0.998283600898581,0.52277188849627,0.399835458658988,0.00725503794529421,0.0514814318755325,5.3263246160803,0.756
2,10000,2e-04,"constant",0,126.657110583864,5,1,1,1,0.529411764705882,0,0,0.000339996665238188,19.3302180685772,0.016
2,10000,2e-04,"seasonal",0.4,126.657110583864,5,1,1,0.999237849980823,0.539542143600416,0.219209039548023,0.00645223505671283,0.0386591284042162,7.42718523652565,0.75
2,15000,1e-05,"constant",0,126.657110583864,5,1,1,1,0.333333333333333,0,0,5.99995002781347e-05,3.1465517241417,0.004
2,15000,1e-05,"seasonal",0.4,126.657110583864,5,1,1,0.999562051394444,0.405749032614704,0.623255813953488,0.00117538568912885,0.0374882846449114,1.03590773418471,0.698
2,15000,2e-05,"constant",0,126.657110583864,5,1,1,1,0.333333333333333,0,0,5.99993589109596e-05,3.59016393442377,0.004
2,15000,2e-05,"seasonal",0.4,126.657110583864,5,1,1,0.99993178455975,0.439569536423841,0.615952732644018,0.000866215635593949,0.0369202057322614,1.96411389472935,0.696
2,15000,3e-05,"constant",0,126.657110583864,5,1,1,1,0,0,0,9.99972822656436e-06,45.6250000006639,0.001
2,15000,3e-05,"seasonal",0.4,126.657110583864,5,1,1,0.999900882143444,0.486664754803556,0.563128491620112,0.000931080435553287,0.0352740609861522,3.03684765595175,0.691
2,15000,5e-05,"constant",0,126.657110583864,5,1,1,1,NA,NA,0,0,NA,0
2,15000,5e-05,"seasonal",0.4,126.657110583864,5,1,1,0.999934743301737,0.501717032967033,0.46381805651275,0.000926018015092133,0.0293307085962311,4.03811376381019,0.687
2,15000,8e-05,"constant",0,126.657110583864,5,1,1,1,0.4,0,0,4.99988424925505e-05,11.7741935484576,0.003
2,15000,8e-05,"seasonal",0.4,126.657110583864,5,1,1,0.999943126404033,0.508928571428571,0.379545454545455,0.00112726917933959,0.0270300784007821,4.81748814188498,0.708
2,15000,1e-04,"constant",0,126.657110583864,5,1,1,1,0.625,0,0,7.99980537459801e-05,26.0714285714989,0.003
2,15000,1e-04,"seasonal",0.4,126.657110583864,5,1,1,0.99994224973974,0.521375464684015,0.274757281553398,0.000860930191569798,0.0216047884361517,5.44545738153844,0.662
2,15000,2e-04,"constant",0,126.657110583864,5,1,1,1,0.5,0,0,7.99980405959372e-05,27.5471698113765,0.004
2,15000,2e-04,"seasonal",0.4,126.657110583864,5,1,1,0.999985315873103,0.522419186652763,0.145196506550218,0.000960984242193967,0.0192386964723056,6.23059807760771,0.688
2,30000,1e-05,"constant",0,126.657110583864,5,1,1,1,NA,NA,0,0,NA,0
2,30000,1e-05,"seasonal",0.4,126.657110583864,5,1,1,1,0.440928270042194,0.532075471698113,0.00024506829652964,0.0239624273128625,2.1586638518319,0.596
2,30000,2e-05,"constant",0,126.657110583864,5,1,1,1,NA,NA,0,0,NA,0
2,30000,2e-05,"seasonal",0.4,126.657110583864,5,1,1,1,0.487852283770651,0.441176470588235,0.000324658269856729,0.0206933502354142,3.73841031587644,0.557
2,30000,3e-05,"constant",0,126.657110583864,5,1,1,1,NA,NA,0,0,NA,0
2,30000,3e-05,"seasonal",0.4,126.657110583864,5,1,1,1,0.514056224899598,0.361570247933884,0.000192507504621345,0.0200088557652325,4.45815194064624,0.599
2,30000,5e-05,"constant",0,126.657110583864,5,1,1,1,NA,NA,0,0,NA,0
2,30000,5e-05,"seasonal",0.4,126.657110583864,5,1,1,1,0.494389901823282,0.195561719833564,0.000161699100642529,0.0143002279123722,5.02025502035155,0.564
2,30000,8e-05,"constant",0,126.657110583864,5,1,1,1,NA,NA,0,0,NA,0
2,30000,8e-05,"seasonal",0.4,126.657110583864,5,1,1,1,0.525174825174825,0.108983799705449,0.000242403039767825,0.0143339746616412,5.96425673899887,0.581
2,30000,1e-04,"constant",0,126.657110583864,5,1,1,1,NA,NA,0,0,NA,0
2,30000,1e-04,"seasonal",0.4,126.657110583864,5,1,1,1,0.536428571428571,0.0677966101694915,0.000212049627340925,0.0140311098536503,6.2371838687629,0.584
2,30000,2e-04,"constant",0,126.657110583864,5,1,1,1,0,0,0,9.99972959635311e-06,28.0769230773316,0.001
2,30000,2e-04,"seasonal",0.4,126.657110583864,5,1,1,1,0.584293948126801,0.00173310225303293,0.000141266426284757,0.0139045718546238,7.7344203230437,0.562
2.5,1000,1e-05,"constant",0,115.195730552825,5,0,0,0,0.333333333333333,1,0.990085045978153,1.58660724111368,0.00557050947975794,0.668
2.5,1000,1e-05,"seasonal",0.4,115.195730552825,5,0,0,0,NA,NA,1.12206409384738,4.93389926734975,0,0.977
2.5,1000,2e-05,"constant",0,115.195730552825,5,0,0,0,0.291666666666667,0.980392156862745,0.992827853129893,1.67577475887825,0.0175187386508171,0.678
2.5,1000,2e-05,"seasonal",0.4,115.195730552825,5,0,0,0,0.5,0.666666666666667,1.43567972557493,4.73793548387097,0.00321255684318615,0.966
2.5,1000,3e-05,"constant",0,115.195730552825,5,0,0,0,0.360294117647059,0.954022988505747,1.03341461419973,1.67693925422632,0.0321806889934783,0.646
2.5,1000,3e-05,"seasonal",0.4,115.195730552825,5,0,0,0,0.416666666666667,0.714285714285714,1.14965552919766,4.83570287749064,0.00659823384261254,0.977
2.5,1000,5e-05,"constant",0,115.195730552825,5,0,0,0,0.4,0.898550724637681,0.997196452898159,1.79770556790198,0.0537705002033607,0.67
2.5,1000,5e-05,"seasonal",0.4,115.195730552825,5,0,0,0,0.285714285714286,0.7,1.2403348618234,4.78184472667605,0.00615958756076716,0.974
2.5,1000,8e-05,"constant",0,115.195730552825,5,0,0,0,0.356382978723404,0.917355371900826,0.948786132551513,1.8832634633989,0.0782746273628112,0.673
2.5,1000,8e-05,"seasonal",0.4,115.195730552825,5,0,0,0,0.452380952380952,1,1.56894950069987,4.89491499247095,0.0251105239794857,0.97
2.5,1000,1e-04,"constant",0,115.195730552825,5,0,0,0,0.349753694581281,0.931818181818182,0.918646011252337,2.06579549052024,0.101811011720736,0.678
2.5,1000,1e-04,"seasonal",0.4,115.195730552825,5,0,0,0,0.308823529411765,0.936170212765957,1.15362526012197,4.75715122522698,0.0337111004867872,0.971
2.5,1000,2e-04,"constant",0,115.195730552825,5,0,0,0,0.377049180327869,0.943609022556391,1.00255865841856,2.77902893404298,0.390680372419126,0.654
2.5,1000,2e-04,"seasonal",0.4,115.195730552825,5,0,0,0,0.310924369747899,0.951219512195122,1.59061417324174,5.13319474264163,0.114790339481825,0.974
2.5,2000,1e-05,"constant",0,115.195730552825,5,0,0,0,0.31523642732049,0.930946291560102,0.182971342081131,0.468119862980149,0.0213045152917384,0.497
2.5,2000,1e-05,"seasonal",0.4,115.195730552825,5,0,0,0,0.238095238095238,0.8125,0.499418990099208,3.12015438972521,0.00311438255588214,0.947
2.5,2000,2e-05,"constant",0,115.195730552825,5,0,0,0,0.341658341658342,0.942336874051593,0.19335703273931,0.625760390142259,0.0370965239643758,0.521
2.5,2000,2e-05,"seasonal",0.4,115.195730552825,5,0,0,0,0.41025641025641,0.91304347826087,0.549738652295884,3.37030819043051,0.0142788789951521,0.949
2.5,2000,3e-05,"constant",0,115.195730552825,5,0,0,0,0.305691854759568,0.943462897526502,0.172474513199232,0.766692733127152,0.068405003008415,0.521
2.5,2000,3e-05,"seasonal",0.4,115.195730552825,5,0,0,0,0.388888888888889,0.772727272727273,0.595899067993903,3.25913867577848,0.020515094363189,0.948
2.5,2000,5e-05,"constant",0,115.195730552825,5,0,0,0.00122300147937099,0.32445024226612,0.935172413793103,0.167700463647523,1.1111100484738,0.116921204102328,0.495
2.5,2000,5e-05,"seasonal",0.4,115.195730552825,5,0,0,0,0.326315789473684,0.875,0.545708433476703,2.96359833693496,0.0312580943515174,0.93
2.5,2000,8e-05,"constant",0,115.195730552825,5,0,0,0.0231893046956331,0.338223391339539,0.927228252560771,0.186292678480683,1.78924524890466,0.294639978981239,0.508
2.5,2000,8e-05,"seasonal",0.4,115.195730552825,5,0,0,0,0.288025889967638,0.885227272727273,0.613497112740471,3.32564545573086,0.0859643078724205,0.949
2.5,2000,1e-04,"constant",0,115.195730552825,5,1,0.29,0.274641553887458,0.357734668751872,0.908765930991607,0.190908882394591,1.95526387770191,0.874854579447823,0.51
2.5,2000,1e-04,"seasonal",0.4,115.195730552825,5,0,0,0,0.303220738413197,0.895903795565577,0.63655965079359,3.44484615128506,0.206038784692881,0.932
2.5,2000,2e-04,"constant",0,115.195730552825,5,1,0.765,0.765091611418552,0.446998708766044,0.793605811447274,0.169957745008114,1.19292814859292,3.82601613022985,0.516
2.5,2000,2e-04,"seasonal",0.4,115.195730552825,5,1,0.26,0.298623143937318,0.418440326770791,0.90274619555711,0.644030460662852,4.3322139551605,1.82404882024281,0.931
2.5,3000,1e-05,"constant",0,115.195730552825,5,1,0.145,0.143822530272314,0.317093311312964,0.920918984280532,0.0347354637146198,0.276932728115199,0.0809956862837101,0.416
2.5,3000,1e-05,"seasonal",0.4,115.195730552825,5,0,0,0,0.363207547169811,0.77037037037037,0.178483716478102,1.43332037325039,0.0114729500515971,0.927
2.5,3000,2e-05,"constant",0,115.195730552825,5,1,0.38,0.376832392745603,0.325228310502283,0.907122314329217,0.0349932944250723,0.41787289896817,0.311147924523171,0.396
2.5,3000,2e-05,"seasonal",0.4,115.195730552825,5,0,0,0,0.336134453781513,0.844936708860759,0.233677142328465,1.74037486189809,0.0233125255110735,0.923
2.5,3000,3e-05,"constant",0,115.195730552825,5,1,0.555,0.582112377403978,0.340793680646981,0.891355206847361,0.0366623143841773,0.463156467927269,0.639932692422231,0.415
2.5,3000,3e-05,"seasonal",0.4,115.195730552825,5,0,0,0.000171826201304038,0.325985303941216,0.860257680872151,0.215467774937637,1.67284604357746,0.0405453928752513,0.925
2.5,3000,5e-05,"constant",0,115.195730552825,5,1,0.805,0.808712782861213,0.375504391170188,0.851495900526687,0.0348379760869849,0.376818282119779,1.39990612212304,0.435
2.5,3000,5e-05,"seasonal",0.4,115.195730552825,5,0.6,0.055,0.067032710536409,0.325090633623722,0.860979716186964,0.27050050630292,1.92747214915758,0.240960288503738,0.917
2.5,3000,8e-05,"constant",0,115.195730552825,5,1,0.915,0.909538491041587,0.402630128356564,0.796533087266016,0.0331508913982222,0.28391855281459,2.51485895169561,0.404
2.5,3000,8e-05,"seasonal",0.4,115.195730552825,5,1,0.39,0.407550709550162,0.386844873627707,0.842817235994105,0.278588308629854,1.99563437936297,1.1906105937001,0.921
2.5,3000,1e-04,"constant",0,115.195730552825,5,1,0.94,0.9383826091721,0.420128423535579,0.764067796610169,0.0319957814197789,0.24789522656095,3.15875956631931,0.415
2.5,3000,1e-04,"seasonal",0.4,115.195730552825,5,1,0.505,0.527056764012931,0.428036569438398,0.810130917947937,0.27460702479406,1.82908120592396,1.86437175746948,0.922
2.5,3000,2e-04,"constant",0,115.195730552825,5,1,0.98,0.980153854583311,0.46886726451695,0.651418991737516,0.0272197869653504,0.1615407849278,6.581644512281,0.392
2.5,3000,2e-04,"seasonal",0.4,115.195730552825,5,1,0.8,0.811495260533669,0.509336733618564,0.644831511350701,0.25381050364508,1.19770865824319,4.64181911357848,0.916
2.5,5000,1e-05,"constant",0,115.195730552825,5,1,0.97,0.970145033148869,0.331425846447306,0.857703281027104,0.00130513690579092,0.0460215225836661,0.50550698461712,0.307
2.5,5000,1e-05,"seasonal",0.4,115.195730552825,5,1,0.405,0.402105090132048,0.339342432826852,0.774428274428274,0.0506128908670988,0.395891461991628,0.169123013178257,0.869
2.5,5000,2e-05,"constant",0,115.195730552825,5,1,0.995,0.99434677551915,0.34048,0.810286268801553,0.000990868091459937,0.0322725989574635,1.02611232480154,0.3
2.5,5000,2e-05,"seasonal",0.4,115.195730552825,5,1,0.74,0.734360692564791,0.373887240356083,0.76797276550297,0.0511279447933046,0.396219955847771,0.616730223335163,0.881
2.5,5000,3e-05,"constant",0,115.195730552825,5,1,1,0.99678806640732,0.385012919896641,0.785189075630252,0.00118541771891809,0.0316348241065725,1.59127029374461,0.3
2.5,5000,3e-05,"seasonal",0.4,115.195730552825,5,1,0.85,0.84531883184483,0.392462712057384,0.746314342828586,0.0486445439085376,0.35501560567141,1.04714448611263,0.877
2.5,5000,5e-05,"constant",0,115.195730552825,5,1,1,0.998894087995178,0.393638992152003,0.716621253405995,0.00105951959477866,0.0244649075709786,2.62784989912256,0.315
2.5,5000,5e-05,"seasonal",0.4,115.195730552825,5,1,0.91,0.908828502547806,0.43739837398374,0.715317919075145,0.0501406963339001,0.347994701933603,1.99881175992997,0.87
2.5,5000,8e-05,"constant",0,115.195730552825,5,1,1,0.99921604295655,0.447926711668274,0.65764192139738,0.000881698214026166,0.0208842329204204,4.1367902124245,0.309
2.5,5000,8e-05,"seasonal",0.4,115.195730552825,5,1,0.95,0.951233302284806,0.477795415113146,0.656369291672558,0.0469579400574169,0.296589971029353,3.23496163489063,0.884
2.5,5000,1e-04,"constant",0,115.195730552825,5,1,1,0.999624294559202,0.451833740831296,0.621766280107047,0.000931313664911055,0.0205297905778458,5.22487050259003,0.332
2.5,5000,1e-04,"seasonal",0.4,115.195730552825,5,1,0.965,0.961644238671854,0.492942540685353,0.602791577951266,0.0476499230110317,0.267295966963121,4.07711459524931,0.875
2.5,5000,2e-04,"constant",0,115.195730552825,5,1,1,0.999826968385294,0.452662721893491,0.440540540540541,0.000796770195422803,0.0135385559819208,9.67095851216078,0.335
2.5,5000,2e-04,"seasonal",0.4,115.195730552825,5,1,0.99,0.985445674209632,0.53362961357108,0.466240557815224,0.04005880598606,0.190022849425127,6.84934538602732,0.884
2.5,7500,1e-05,"constant",0,115.195730552825,5,1,1,0.999983946085146,0.344291691572026,0.767547857793984,0.000133910248646438,0.0170915968468356,0.789754128573258,0.242
2.5,7500,1e-05,"seasonal",0.4,115.195730552825,5,1,0.96,0.960885650101364,0.359981354154527,0.736343772760379,0.00820367365108299,0.106811168144721,0.446542837898192,0.847
2.5,7500,2e-05,"constant",0,115.195730552825,5,1,1,0.99996668675689,0.369408369408369,0.702517162471396,0.000111804438872304,0.0139822288135403,1.58054568801493,0.249
2.5,7500,2e-05,"seasonal",0.4,115.195730552825,5,1,0.985,0.984732617390828,0.403007358430202,0.735798499464094,0.00757824399617479,0.103908374372422,0.985433632776426,0.833
2.5,7500,3e-05,"constant",0,115.195730552825,5,1,1,0.999996000219166,0.395741556534508,0.675577156743621,0.00016209961319685,0.0136980896189516,2.37772505954716,0.251
2.5,7500,3e-05,"seasonal",0.4,115.195730552825,5,1,0.99,0.988985370664621,0.415494414563508,0.721111307733145,0.00820951971568148,0.103592313605045,1.50918628444616,0.852
2.5,7500,5e-05,"constant",0,115.195730552825,5,1,1,1,0.42082239720035,0.569486404833837,6.05865916743152e-05,0.01146344058355,3.88175034426294,0.279
2.5,7500,5e-05,"seasonal",0.4,115.195730552825,5,1,0.995,0.995477727247822,0.449144598078275,0.674324611784727,0.00740992922929012,0.0882932110655833,2.62119649520682,0.836
2.5,7500,8e-05,"constant",0,115.195730552825,5,1,1,1,0.449108079748164,0.472380952380952,0.000120954059505172,0.00954462000437876,6.11230209632946,0.265
2.5,7500,8e-05,"seasonal",0.4,115.195730552825,5,1,1,0.99723795956386,0.492005911594787,0.604072996561756,0.00694891337784362,0.0759486131301377,3.84573102923325,0.832
2.5,7500,1e-04,"constant",0,115.195730552825,5,1,1,1,0.450390189520624,0.417849898580122,8.0596253166705e-05,0.00898019141010358,7.71762958772386,0.279
2.5,7500,1e-04,"seasonal",0.4,115.195730552825,5,1,1,0.997871678264205,0.501282631658367,0.555521936459909,0.00652691918809222,0.0673501676348596,4.41430821910317,0.843
2.5,7500,2e-04,"constant",0,115.195730552825,5,1,1,1,0.503344481605351,0.255892255892256,8.04913100131755e-05,0.00598255135327027,13.1757817216001,0.213
2.5,7500,2e-04,"seasonal",0.4,115.195730552825,5,1,1,0.999462714371815,0.529651038321559,0.378698224852071,0.00551378944728024,0.0470272963897896,6.89500865457725,0.824
2.5,10000,1e-05,"constant",0,115.195730552825,5,1,1,1,0.357873210633947,0.68312101910828,4.06591016042007e-05,0.00987422963817367,1.0219026162333,0.195
2.5,10000,1e-05,"seasonal",0.4,115.195730552825,5,1,1,0.996830475042463,0.363302139037433,0.727821522309711,0.00273116256849722,0.066428908311293,0.605893995736306,0.798
2.5,10000,2e-05,"constant",0,115.195730552825,5,1,1,1,0.388439306358381,0.638941398865784,6.0647016193847e-05,0.00868723993654552,2.00503600777312,0.185
2.5,10000,2e-05,"seasonal",0.4,115.195730552825,5,1,1,0.998718535970632,0.393572496263079,0.731821543012078,0.00287378410309195,0.0705422412618798,1.2985828516972,0.821
2.5,10000,3e-05,"constant",0,115.195730552825,5,1,1,1,0.39426523297491,0.570019723865878,3.02694001296581e-05,0.00839158591785829,3.21957002845404,0.215
2.5,10000,3e-05,"seasonal",0.4,115.195730552825,5,1,1,0.999393238726645,0.434416543574594,0.718203186210499,0.00300702803289946,0.0700678989541846,2.02763470307647,0.796
2.5,10000,5e-05,"constant",0,115.195730552825,5,1,1,1,0.409638554216867,0.457725947521866,2.01400807078156e-05,0.00581660910217245,4.99293668919101,0.184
2.5,10000,5e-05,"seasonal",0.4,115.195730552825,5,1,1,0.99972779573722,0.467871845355289,0.643794147325933,0.00251904810494845,0.0569104899351928,3.08140193650827,0.816
2.5,10000,8e-05,"constant",0,115.195730552825,5,1,1,1,0.445121951219512,0.365384615384615,5.03380754295232e-05,0.00656539675613354,7.72312356868715,0.226
2.5,10000,8e-05,"seasonal",0.4,115.195730552825,5,1,1,0.999831351706756,0.497538048343778,0.516258351893096,0.00274972162379637,0.0451410733971621,4.36266261472983,0.817
2.5,10000,1e-04,"constant",0,115.195730552825,5,1,1,1,0.452054794520548,0.285714285714286,1.00614135976714e-05,0.00511248298591483,9.95968387889231,0.199
2.5,10000,1e-04,"seasonal",0.4,115.195730552825,5,1,1,0.999879458659799,0.505494505494505,0.468733850129199,0.00227224575288541,0.0394446428919607,4.88867172792431,0.805
2.5,10000,2e-04,"constant",0,115.195730552825,5,1,1,1,0.465437788018433,0.125,2.01147500657289e-05,0.00434106576137775,15.9030217849617,0.201
2.5,10000,2e-04,"seasonal",0.4,115.195730552825,5,1,1,0.999953427209468,0.526122823098075,0.356544165054803,0.00192771840336344,0.0328995619742171,6.71263425156164,0.809
2.5,15000,1e-05,"constant",0,115.195730552825,5,1,1,1,0.362934362934363,0.539393939393939,1.00905549594929e-05,0.00519643425721869,1.62382445141068,0.151
2.5,15000,1e-05,"seasonal",0.4,115.195730552825,5,1,1,1,0.385313531353135,0.688926174496644,0.00151885446769312,0.0511370148446808,0.932556308478446,0.785
2.5,15000,2e-05,"constant",0,115.195730552825,5,1,1,1,0.394799054373522,0.43359375,5.03420675407727e-05,0.0042351854914963,3.3791858174657,0.14
2.5,15000,2e-05,"seasonal",0.4,115.195730552825,5,1,1,0.999992822311106,0.429889669007021,0.673117522871217,0.00166170812635311,0.0510889533077249,2.05327379541797,0.769
2.5,15000,3e-05,"constant",0,115.195730552825,5,1,1,1,0.421176470588235,0.369918699186992,0,0.0042536514975993,4.79772987350392,0.155
2.5,15000,3e-05,"seasonal",0.4,115.195730552825,5,1,1,1,0.452008928571429,0.628513238289206,0.00136746067264012,0.0455080086107876,2.87450581247155,0.779
2.5,15000,5e-05,"constant",0,115.195730552825,5,1,1,1,0.410029498525074,0.25,1.00582098612375e-05,0.00339134362246916,8.0030399068641,0.149
2.5,15000,5e-05,"seasonal",0.4,115.195730552825,5,1,1,1,0.50554435483871,0.525993883792049,0.00147991221547996,0.0400653961807967,4.11337688156776,0.785
2.5,15000,8e-05,"constant",0,115.195730552825,5,1,1,1,0.450310559006211,0.112994350282486,2.01117558937809e-05,0.00322077413291693,12.0259899723747,0.155
2.5,15000,8e-05,"seasonal",0.4,115.195730552825,5,1,1,1,0.509294871794872,0.399738732854344,0.00137105156641292,0.0313874579378297,5.20018996127718,0.784
2.5,15000,1e-04,"constant",0,115.195730552825,5,1,1,1,0.456603773584906,0.0972222222222222,0,0.00265040954273482,14.5670180722914,0.13
2.5,15000,1e-04,"seasonal",0.4,115.195730552825,5,1,1,1,0.520179372197309,0.352983465132998,0.0011459351949932,0.0291356679627264,5.76681181773099,0.787
2.5,15000,2e-04,"constant",0,115.195730552825,5,1,1,1,0.441947565543071,0.0402684563758389,1.00534624927373e-05,0.00267027595290122,20.4222548197781,0.142
2.5,15000,2e-04,"seasonal",0.4,115.195730552825,5,1,1,1,0.523478260869565,0.201642335766423,0.00107212395117929,0.0230741559119203,7.09612523667851,0.769
2.5,30000,1e-05,"constant",0,115.195730552825,5,1,1,1,0.383333333333333,0.189189189189189,0,0.0012004088954465,3.26062681456122,0.06
2.5,30000,1e-05,"seasonal",0.4,115.195730552825,5,1,1,1,0.43482662617059,0.646215853112405,0.00072132013120126,0.0402437291833097,2.16380108421496,0.72
2.5,30000,2e-05,"constant",0,115.195730552825,5,1,1,1,0.418300653594771,0.112359550561798,0,0.00153031218368547,6.61200568316421,0.079
2.5,30000,2e-05,"seasonal",0.4,115.195730552825,5,1,1,1,0.476641620385495,0.519975031210986,0.000651656299162314,0.0308668178441268,3.66692704316234,0.705
2.5,30000,3e-05,"constant",0,115.195730552825,5,1,1,1,0.420289855072464,0.1,0,0.00138014754344423,10.2753977968224,0.072
2.5,30000,3e-05,"seasonal",0.4,115.195730552825,5,1,1,1,0.501569858712716,0.418897637795276,0.000415914279787216,0.0256247778889263,4.48803698449009,0.697
2.5,30000,5e-05,"constant",0,115.195730552825,5,1,1,1,0.466216216216216,0.0379746835443038,0,0.00148010514829177,15.0347898691977,0.076
2.5,30000,5e-05,"seasonal",0.4,115.195730552825,5,1,1,1,0.523441055985435,0.296084049665712,0.000445198806181193,0.0220528189082699,5.80774941155176,0.693
2.5,30000,8e-05,"constant",0,115.195730552825,5,1,1,1,0.495495495495495,0,0,0.00111002639734008,21.6889721627482,0.056
2.5,30000,8e-05,"seasonal",0.4,115.195730552825,5,1,1,1,0.530026109660574,0.154444444444444,0.000454702650765153,0.0192063493241115,6.46678138906626,0.716
2.5,30000,1e-04,"constant",0,115.195730552825,5,1,1,1,0.431034482758621,0,0,0.00116002466244214,23.8400900901162,0.066
2.5,30000,1e-04,"seasonal",0.4,115.195730552825,5,1,1,1,0.551822323462415,0.0952986022871665,0.000424031023940434,0.017602169976752,7.24684546153512,0.67
2.5,30000,2e-04,"constant",0,115.195730552825,5,1,1,1,0.289855072463768,0,0,0.000689996389333963,31.1310259580681,0.049
2.5,30000,2e-04,"seasonal",0.4,115.195730552825,5,1,1,1,0.59414466130884,0.0113154172560113,0.000242125956393396,0.0174540674705407,8.80138977326204,0.675
3,1000,1e-05,"constant",0,109.112479886919,5,0,0,0,0.363636363636364,1,1.32680961739311,2.33199134794514,0.00696662785714162,0.762
3,1000,1e-05,"seasonal",0.4,109.112479886919,5,0,0,0,0.8,1,1.2625366825353,5.29031281097218,0.00245012156630566,0.974
3,1000,2e-05,"constant",0,109.112479886919,5,0,0,0,0.38,0.967741935483871,1.28886312850311,2.4061552370369,0.012883677686388,0.773
3,1000,2e-05,"seasonal",0.4,109.112479886919,5,0,0,0,0.25,0.833333333333333,1.15499464874868,5.52598377891259,0.00410216065859347,0.985
3,1000,3e-05,"constant",0,109.112479886919,5,0,0,0,0.3,0.938775510204082,1.44062882537319,2.51168862907012,0.0217909146811064,0.772
3,1000,3e-05,"seasonal",0.4,109.112479886919,5,0,0,0,0.75,0.5,1.61439220356558,5.51273599041055,0.00498753117206983,0.976
3,1000,5e-05,"constant",0,109.112479886919,5,0,0,0,0.285714285714286,0.961904761904762,1.3725601143101,2.49934330710542,0.0420594594001383,0.757
3,1000,5e-05,"seasonal",0.4,109.112479886919,5,0,0,0,0.571428571428571,0.888888888888889,1.13031970896393,5.18331780185543,0.0106858607868641,0.972
3,1000,8e-05,"constant",0,109.112479886919,5,0,0,0,0.358208955223881,0.984496124031008,1.43143331529227,2.73523392360201,0.0490036296016255,0.774
3,1000,8e-05,"seasonal",0.4,109.112479886919,5,0,0,0,0.5,0.941176470588235,1.34740402043008,5.44006572878229,0.0205387405995128,0.976
3,1000,1e-04,"constant",0,109.112479886919,5,0,0,0,0.379746835443038,0.974489795918367,1.34068606477993,2.8007999953353,0.0855829083497131,0.775
3,1000,1e-04,"seasonal",0.4,109.112479886919,5,0,0,0,0.463414634146341,0.954545454545455,1.3018374423019,5.49582712585157,0.0260322894324387,0.977
3,1000,2e-04,"constant",0,109.112479886919,5,0,0,0,0.326628352490421,0.978662873399715,1.26387266223907,3.60418941245809,0.274538509310505,0.795
3,1000,2e-04,"seasonal",0.4,109.112479886919,5,0,0,0,0.353658536585366,0.943396226415094,1.41342739670818,5.42993711977915,0.0890302161354996,0.974
3,2000,1e-05,"constant",0,109.112479886919,5,0,0,0,0.35625,0.970873786407767,0.372669222383654,0.95701999254094,0.0116758317280731,0.668
3,2000,1e-05,"seasonal",0.4,109.112479886919,5,0,0,0,0.16,0.619047619047619,0.532281151534986,3.34541991558767,0.00481589302753688,0.95
3,2000,2e-05,"constant",0,109.112479886919,5,0,0,0,0.275,0.993103448275862,0.335297625386664,1.05585056925016,0.0268242807510064,0.675
3,2000,2e-05,"seasonal",0.4,109.112479886919,5,0,0,0,0.224489795918367,0.894736842105263,0.490106533562322,3.74137661474721,0.0118250904816121,0.962
3,2000,3e-05,"constant",0,109.112479886919,5,0,0,0,0.288011695906433,0.981519507186858,0.342068314070595,1.17286753958471,0.0633086972243678,0.654
3,2000,3e-05,"seasonal",0.4,109.112479886919,5,0,0,0,0.269230769230769,0.873684210526316,0.5023706659999,3.25725567620928,0.0232874863501957,0.945
3,2000,5e-05,"constant",0,109.112479886919,5,0,0,0,0.297191378184193,0.979553903345725,0.331881592505401,1.49275448966335,0.125691249577704,0.636
3,2000,5e-05,"seasonal",0.4,109.112479886919,5,0,0,0,0.441441441441441,0.919354838709677,0.589345333728395,3.91866296879681,0.0283258885967237,0.958
3,2000,8e-05,"constant",0,109.112479886919,5,0,0,0,0.285554624196703,0.978099335158389,0.341243643184506,2.23853499772307,0.189066891674796,0.65
3,2000,8e-05,"seasonal",0.4,109.112479886919,5,0,0,0,0.262697022767075,0.919239904988123,0.720494742824583,3.9639630297877,0.074112518460121,0.951
3,2000,1e-04,"constant",0,109.112479886919,5,0,0,0,0.309090909090909,0.96588693957115,0.330833892547239,2.55304952901976,0.39494580128949,0.645
3,2000,1e-04,"seasonal",0.4,109.112479886919,5,0,0,0,0.285296981499513,0.918256130790191,0.797076344618844,4.28424594075001,0.209849029394707,0.957
3,2000,2e-04,"constant",0,109.112479886919,5,1,0.475,0.467042627801216,0.425134506808369,0.905356688928431,0.345230236019188,3.24084654983139,2.82863449432978,0.655
3,2000,2e-04,"seasonal",0.4,109.112479886919,5,1,0.17,0.21650698591858,0.390062457731631,0.9496869292982,0.748301567930956,5.91499877080969,1.60338635948734,0.944
3,3000,1e-05,"constant",0,109.112479886919,5,0,0,0.000358062571913868,0.277393879565647,0.986338797814208,0.112776273403163,0.47450843884854,0.0210479834478355,0.586
3,3000,1e-05,"seasonal",0.4,109.112479886919,5,0,0,0,0.305263157894737,0.909090909090909,0.248562953846542,2.14134167706955,0.00678498002075314,0.933
3,3000,2e-05,"constant",0,109.112479886919,5,0,0,0,0.257307692307692,0.985499741066805,0.104697740734931,0.716736003874956,0.0639923872660139,0.581
3,3000,2e-05,"seasonal",0.4,109.112479886919,5,0,0,0,0.243478260869565,0.879310344827586,0.26508462609177,2.25512356841471,0.0160102373977786,0.941
3,3000,3e-05,"constant",0,109.112479886919,5,0,0,0.00148780888718426,0.272707612456747,0.979185251263753,0.112190927108705,1.03484920590109,0.0926649846971225,0.582
3,3000,3e-05,"seasonal",0.4,109.112479886919,5,0,0,0,0.232876712328767,0.892857142857143,0.311822107025651,2.4496644295302,0.0425225493877359,0.941
3,3000,5e-05,"constant",0,109.112479886919,5,0,0,0.00740551202673826,0.286457961919703,0.974115530681591,0.105608341736671,1.69072036210815,0.243126783350283,0.598
3,3000,5e-05,"seasonal",0.4,109.112479886919,5,0,0,0,0.281094527363184,0.906574394463668,0.363956405000313,2.8345235760947,0.108019901634382,0.941
3,3000,8e-05,"constant",0,109.112479886919,5,1,0.425,0.427190510109035,0.356916161379157,0.935420067210754,0.11336965112008,1.86146147552758,1.44481504800113,0.585
3,3000,8e-05,"seasonal",0.4,109.112479886919,5,1,0.17,0.194850035614487,0.322614863367214,0.905223793385532,0.415100253294029,3.2517629770031,0.788439512755454,0.946
3,3000,1e-04,"constant",0,109.112479886919,5,1,0.62,0.623312914360857,0.400652675406516,0.901916974897204,0.108569231459924,1.43250819642201,2.36876330980949,0.574
3,3000,1e-04,"seasonal",0.4,109.112479886919,5,1,0.29,0.309085200810914,0.368447281363983,0.899887514060742,0.387860261544368,3.24627198848692,1.33757163682563,0.936
3,3000,2e-04,"constant",0,109.112479886919,5,1,0.88,0.879363377349186,0.483381522786727,0.795639891263792,0.0966021450809741,0.832288819055346,5.83531813766405,0.58
3,3000,2e-04,"seasonal",0.4,109.112479886919,5,1,0.71,0.737434935072051,0.487489578087982,0.707610533945397,0.339664038083207,1.69641434908843,4.27990086086677,0.943
3,5000,1e-05,"constant",0,109.112479886919,5,1,0.445,0.432823406936606,0.266309463471146,0.974933385966644,0.00877901282258886,0.319236447354605,0.252378505000839,0.498
3,5000,1e-05,"seasonal",0.4,109.112479886919,5,0.4,0.025,0.0371227330009315,0.277201205222631,0.834645669291339,0.0850262537801965,0.673775778257824,0.03271533485985,0.906
3,5000,2e-05,"constant",0,109.112479886919,5,1,0.74,0.727566873048052,0.302567919612951,0.950314241669631,0.00979289875598651,0.363872265226316,0.738988242328837,0.503
3,5000,2e-05,"seasonal",0.4,109.112479886919,5,1,0.365,0.362845707084543,0.297119778067885,0.843693772128388,0.0960604860899891,0.823589844138194,0.354344730610004,0.897
3,5000,3e-05,"constant",0,109.112479886919,5,1,0.89,0.889986795244096,0.343655654274131,0.926665790511237,0.00976160988267862,0.284604102065514,1.2833529131512,0.487
3,5000,3e-05,"seasonal",0.4,109.112479886919,5,1,0.595,0.589287217138787,0.341002405189378,0.821493087557604,0.101046012333173,0.814872230526197,0.843522739173949,0.909
3,5000,5e-05,"constant",0,109.112479886919,5,1,0.96,0.960916278560079,0.392387427552385,0.879207557552967,0.00959839310735188,0.195121857083606,2.32609783183313,0.526
3,5000,5e-05,"seasonal",0.4,109.112479886919,5,1,0.79,0.793231494164703,0.399734211361473,0.78369626276311,0.0933531332673408,0.704851660689206,1.79586589487975,0.917
3,5000,8e-05,"constant",0,109.112479886919,5,1,0.985,0.985250890362172,0.439118504544675,0.806298731080874,0.00811311800391318,0.120565864785825,3.87826058464118,0.531
3,5000,8e-05,"seasonal",0.4,109.112479886919,5,1,0.895,0.890370445455044,0.454681372017941,0.71430841975603,0.0836111514608832,0.543479525893595,3.12664478865358,0.905
3,5000,1e-04,"constant",0,109.112479886919,5,1,0.99,0.989063010246014,0.453337104072398,0.78496292464218,0.0077918609333796,0.108718692182721,4.74635648507684,0.523
3,5000,1e-04,"seasonal",0.4,109.112479886919,5,1,0.92,0.919816667579859,0.472645143538476,0.674855428496891,0.0824875248837025,0.492271448339249,3.91889255272695,0.916
3,5000,2e-04,"constant",0,109.112479886919,5,1,1,0.996959563859515,0.508179177495796,0.650917003419335,0.00622501162648667,0.0659289940439866,9.36425712728973,0.52
3,5000,2e-04,"seasonal",0.4,109.112479886919,5,1,0.97,0.969183442003178,0.520807139133368,0.52105465250224,0.0742561293257023,0.341460858744952,7.61721810209426,0.903
3,7500,1e-05,"constant",0,109.112479886919,5,1,0.895,0.893740562160977,0.292755969243221,0.945754177157244,0.000921219987237313,0.155759140357151,0.609990768541873,0.468
3,7500,1e-05,"seasonal",0.4,109.112479886919,5,1,0.845,0.836443044216755,0.306419960751332,0.804062247372676,0.0196159817756804,0.220827283760184,0.412033501721125,0.871
3,7500,2e-05,"constant",0,109.112479886919,5,1,1,0.995180428469673,0.342893785705958,0.904009936124911,0.000743900878725774,0.0919130699288529,1.28695953520552,0.475
3,7500,2e-05,"seasonal",0.4,109.112479886919,5,1,0.93,0.927834474823297,0.355072888004215,0.784495279593319,0.0200776334221655,0.20740036653113,0.9952248273272,0.875
3,7500,3e-05,"constant",0,109.112479886919,5,1,1,0.999609993972933,0.380044136191677,0.870582252733282,0.000744040445596767,0.0654512949834204,2.06261713544599,0.438
3,7500,3e-05,"seasonal",0.4,109.112479886919,5,1,0.96,0.960186510328201,0.390471258415329,0.766638346077598,0.0190618869474663,0.195464245137287,1.60318721558724,0.884
3,7500,5e-05,"constant",0,109.112479886919,5,1,1,0.999266834693989,0.407376536778496,0.811181434599156,0.000821621156976356,0.048666567961118,3.44520452296987,0.457
3,7500,5e-05,"seasonal",0.4,109.112479886919,5,1,0.98,0.97872428908005,0.447076552139843,0.73051346342527,0.0178516122449529,0.17712629346633,2.69343188942877,0.883
3,7500,8e-05,"constant",0,109.112479886919,5,1,1,0.999934359761109,0.458453548759377,0.703249866808737,0.000681008464969588,0.0348797423769749,5.47776575016237,0.49
3,7500,8e-05,"seasonal",0.4,109.112479886919,5,1,0.99,0.989915730644896,0.470528375733855,0.636309875813128,0.0170780469414101,0.132280486851645,4.00588904503782,0.881
3,7500,1e-04,"constant",0,109.112479886919,5,1,1,0.999880609281683,0.477857878475798,0.659434582511506,0.000638419650623931,0.0292551720608422,6.76493605649936,0.455
3,7500,1e-04,"seasonal",0.4,109.112479886919,5,1,0.995,0.992697934359761,0.485966970490028,0.57935393258427,0.0162101162435654,0.113595603034873,4.83084393118752,0.867
3,7500,2e-04,"constant",0,109.112479886919,5,1,1,0.999997315215605,0.479741632413388,0.455981941309255,0.000463958961576893,0.0170542090337717,11.7697347244049,0.436
3,7500,2e-04,"seasonal",0.4,109.112479886919,5,1,1,0.997610322722043,0.526112907237006,0.436106008921543,0.0129606962821034,0.0813333134719888,7.65094727849526,0.895
3,10000,1e-05,"constant",0,109.112479886919,5,1,0.985,0.975013588296532,0.311903680145388,0.927038626609442,0.000284702923656375,0.0980577260679232,0.868672531165907,0.425
3,10000,1e-05,"seasonal",0.4,109.112479886919,5,1,0.975,0.975039395101638,0.315530074431704,0.794709772226304,0.00702009945240736,0.121444379933413,0.55608726964678,0.866
3,10000,2e-05,"constant",0,109.112479886919,5,1,1,1,0.365792031098154,0.858412503830831,0.000417050730262669,0.0529019364008818,1.87273378195642,0.422
3,10000,2e-05,"seasonal",0.4,109.112479886919,5,1,0.995,0.993697550819133,0.372552997261386,0.775784028451342,0.00589486290699104,0.107117366209914,1.25632329782598,0.868
3,10000,3e-05,"constant",0,109.112479886919,5,1,1,1,0.395827123695976,0.788357178095708,0.000327216615602887,0.0339561132539078,2.79878547691858,0.397
3,10000,3e-05,"seasonal",0.4,109.112479886919,5,1,0.995,0.995642211385678,0.397325593448741,0.76625386996904,0.00536545931993676,0.10161809015979,1.92661960285052,0.866
3,10000,5e-05,"constant",0,109.112479886919,5,1,1,0.99996033094077,0.442924018725243,0.711053652230123,0.000233421077509848,0.0279301260911116,4.82076781858482,0.424
3,10000,5e-05,"seasonal",0.4,109.112479886919,5,1,1,0.997377020437236,0.454719464050724,0.69789381307591,0.00544039840345226,0.0859621896567735,3.09191662934872,0.862
3,10000,8e-05,"constant",0,109.112479886919,5,1,1,1,0.447406689287445,0.599122807017544,0.00026282890386786,0.0206907679351199,6.95935267423928,0.431
3,10000,8e-05,"seasonal",0.4,109.112479886919,5,1,1,0.999175387649992,0.475382003395586,0.580906148867314,0.00439876533005121,0.059709399351244,4.33628961174391,0.867
3,10000,1e-04,"constant",0,109.112479886919,5,1,1,1,0.448979591836735,0.530501089324619,0.000232122227388535,0.0166929440968513,8.32612208012697,0.408
3,10000,1e-04,"seasonal",0.4,109.112479886919,5,1,1,0.999330447646704,0.490545050055617,0.543668122270742,0.00403357837619125,0.0545498590233515,5.06320197639536,0.863
3,10000,2e-04,"constant",0,109.112479886919,5,1,1,1,0.48996282527881,0.377551020408163,0.000100752489725362,0.0134628963481621,13.6504560115677,0.417
3,10000,2e-04,"seasonal",0.4,109.112479886919,5,1,1,0.999689112925319,0.531095330320637,0.440110142267095,0.00360200261402013,0.0467740001958742,7.62237275344879,0.868
3,15000,1e-05,"constant",0,109.112479886919,5,1,1,0.999536189797819,0.338826466916355,0.86178247734139,0.000198033782542998,0.0412307399496643,1.39718560516275,0.347
3,15000,1e-05,"seasonal",0.4,109.112479886919,5,1,1,0.999528080653115,0.332797192572013,0.764847687924611,0.00261702203944262,0.0741949442888571,0.875444937192454,0.837
3,15000,2e-05,"constant",0,109.112479886919,5,1,1,1,0.389524800554977,0.784659090909091,0.000112234280338186,0.0291316925973091,2.77650395778365,0.368
3,15000,2e-05,"seasonal",0.4,109.112479886919,5,1,1,0.999943948276807,0.396609227348527,0.749654537079687,0.00248596403901397,0.0748630901342724,1.85434980136556,0.852
3,15000,3e-05,"constant",0,109.112479886919,5,1,1,1,0.422873618452667,0.679433805162365,0.000141824673830078,0.0209118124532553,4.25036092800467,0.371
3,15000,3e-05,"seasonal",0.4,109.112479886919,5,1,1,0.999952331379103,0.446486806996739,0.713444027852169,0.00248726159638045,0.069169513907253,2.74294258839516,0.832
3,15000,5e-05,"constant",0,109.112479886919,5,1,1,1,0.436197916666667,0.573903002309469,0.000121119970632832,0.0153933719869954,6.99663047547748,0.357
3,15000,5e-05,"seasonal",0.4,109.112479886919,5,1,1,0.999987836282943,0.474924471299094,0.594169543536632,0.00219306938460889,0.0502742226543641,3.98995369850528,0.844
3,15000,8e-05,"constant",0,109.112479886919,5,1,1,1,0.476369092273068,0.419770773638968,8.06345543313356e-05,0.0133474218595132,10.0025697956501,0.397
3,15000,8e-05,"seasonal",0.4,109.112479886919,5,1,1,0.999967837378774,0.492895639392455,0.49951690821256,0.00198662678220495,0.0411595299628326,5.08242816949445,0.842
3,15000,1e-04,"constant",0,109.112479886919,5,1,1,1,0.470639789658195,0.382450331125828,0.000110802373339727,0.0114204968446067,12.0546775500755,0.362
3,15000,1e-04,"seasonal",0.4,109.112479886919,5,1,1,0.999979398389129,0.520603285752761,0.44438202247191,0.00163559287833991,0.0373540629739043,6.16188505956171,0.828
3,15000,2e-04,"constant",0,109.112479886919,5,1,1,1,0.487893462469734,0.186761229314421,3.0186755720129e-05,0.00826388311943511,16.6101041264955,0.341
3,15000,2e-04,"seasonal",0.4,109.112479886919,5,1,1,0.999998356254452,0.551387137452711,0.304286718200984,0.00170131430164642,0.0318419800828247,8.22146793160267,0.822
3,30000,1e-05,"constant",0,109.112479886919,5,1,1,1,0.378048780487805,0.679738562091503,3.03734745110199e-05,0.014834638553346,2.91770695117657,0.291
3,30000,1e-05,"seasonal",0.4,109.112479886919,5,1,1,1,0.413201068294544,0.700260078023407,0.00156008720882869,0.0537939868526892,2.05013554491198,0.772
3,30000,2e-05,"constant",0,109.112479886919,5,1,1,1,0.430954587581094,0.52442996742671,5.04103026614541e-05,0.0108088660613435,6.08634171972555,0.287
3,30000,2e-05,"seasonal",0.4,109.112479886919,5,1,1,1,0.45778564206269,0.584615384615385,0.001380022754086,0.0400058548397058,3.54095192786359,0.756
3,30000,3e-05,"constant",0,109.112479886919,5,1,1,1,0.436743674367437,0.408203125,6.04332346536676e-05,0.00909993638258981,8.12103781666916,0.297
3,30000,3e-05,"seasonal",0.4,109.112479886919,5,1,1,1,0.480887792848335,0.474465558194774,0.00116924538249713,0.0326722450594425,4.54613866556091,0.77
3,30000,5e-05,"constant",0,109.112479886919,5,1,1,1,0.453846153846154,0.233802816901408,4.02453748316411e-05,0.00650338033237441,11.8791307830962,0.268
3,30000,5e-05,"seasonal",0.4,109.112479886919,5,1,1,1,0.524333333333333,0.386124737210932,0.000871892741925026,0.0301515374971129,5.93676129340072,0.79
3,30000,8e-05,"constant",0,109.112479886919,5,1,1,1,0.439330543933054,0.0895522388059701,1.00560716605932e-05,0.00478136393318554,15.288293024888,0.243
3,30000,8e-05,"seasonal",0.4,109.112479886919,5,1,1,1,0.521519968980225,0.284440842787682,0.00108268966489526,0.0258831011603106,7.1156927961297,0.776
3,30000,1e-04,"constant",0,109.112479886919,5,1,1,1,0.475548060708263,0.0836012861736334,2.01155897212208e-05,0.00593187642315567,17.2521122270055,0.283
3,30000,1e-04,"seasonal",0.4,109.112479886919,5,1,1,1,0.541218637992832,0.27265625,0.00120434494596948,0.0280018430868939,7.61377485028155,0.812
3,30000,2e-04,"constant",0,109.112479886919,5,1,1,1,0.534798534798535,0.0196850393700787,0,0.00546100886528161,25.738086013177,0.249
3,30000,2e-04,"seasonal",0.4,109.112479886919,5,1,1,1,0.611894273127753,0.0567536889897843,0.000585513265181032,0.0227562015833351,9.0904602556366,0.773
3.5,1000,1e-05,"constant",0,105.326050180044,5,0,0,0,0.5,1,1.83555439011323,3.1663223583264,0.00440050193853162,0.826
3.5,1000,1e-05,"seasonal",0.4,105.326050180044,5,0,0,0,1,NA,1.8089399542076,6.07675675675676,0.00087304909406207,0.983
3.5,1000,2e-05,"constant",0,105.326050180044,5,0,0,0,0.21875,1,1.64995434836187,3.1579476861167,0.011958391350643,0.836
3.5,1000,2e-05,"seasonal",0.4,105.326050180044,5,0,0,0,0.5,1,1.64036889623738,5.98136027551537,0.00296788383783971,0.98
3.5,1000,3e-05,"constant",0,105.326050180044,5,0,0,0,0.457142857142857,0.947368421052632,1.67316770535308,3.28883220448174,0.0151733983898975,0.849
3.5,1000,3e-05,"seasonal",0.4,105.326050180044,5,0,0,0,0.333333333333333,1,1.2454849304003,5.75975278819156,0.00343341449151758,0.979
3.5,1000,5e-05,"constant",0,105.326050180044,5,0,0,0,0.354430379746835,0.941176470588235,1.43308228241463,3.10801319486095,0.0267564517984864,0.838
3.5,1000,5e-05,"seasonal",0.4,105.326050180044,5,0,0,0,0.583333333333333,0.8,1.28639711984866,5.74481321347476,0.00745022129538597,0.979
3.5,1000,8e-05,"constant",0,105.326050180044,5,0,0,0,0.355371900826446,1,1.81629177447931,3.34468213809847,0.0543725154413512,0.827
3.5,1000,8e-05,"seasonal",0.4,105.326050180044,5,0,0,0,0.306122448979592,0.911764705882353,1.30845303705853,5.99044057825896,0.0314719400862949,0.985
3.5,1000,1e-04,"constant",0,105.326050180044,5,0,0,0,0.3,0.983193277310924,1.74215258927665,3.50247687159635,0.0844364732905867,0.846
3.5,1000,1e-04,"seasonal",0.4,105.326050180044,5,0,0,0,0.5625,1,1.35626203502557,5.92822316361602,0.0129190677919234,0.982
3.5,1000,2e-04,"constant",0,105.326050180044,5,0,0,0,0.307178631051753,0.971084337349398,1.78558727500654,4.05538647544401,0.237831834340639,0.846
3.5,1000,2e-04,"seasonal",0.4,105.326050180044,5,0,0,0,0.372549019607843,0.984375,1.68466003020604,6.10874022325158,0.074825898644371,0.981
3.5,2000,1e-05,"constant",0,105.326050180044,5,0,0,0,0.271028037383178,0.961538461538462,0.522939676822041,1.30597304373121,0.0124315239638275,0.706
3.5,2000,1e-05,"seasonal",0.4,105.326050180044,5,0,0,0,0.230769230769231,0.8,0.741011808560808,4.61857949435395,0.00518610975097929,0.968
3.5,2000,2e-05,"constant",0,105.326050180044,5,0,0,0,0.275449101796407,0.975206611570248,0.546011741572536,1.55406416117275,0.0202433721263495,0.745
3.5,2000,2e-05,"seasonal",0.4,105.326050180044,5,0,0,0,0.3,0.952380952380952,0.519934928563137,4.46422210083834,0.0082617441258622,0.973
3.5,2000,3e-05,"constant",0,105.326050180044,5,0,0,0,0.291803278688525,0.990740740740741,0.574918723705736,1.71104198173021,0.0386703982920762,0.735
3.5,2000,3e-05,"seasonal",0.4,105.326050180044,5,0,0,0,0.261904761904762,0.806451612903226,0.687307953925445,4.26369363915607,0.00916428642310668,0.963
3.5,2000,5e-05,"constant",0,105.326050180044,5,0,0,0,0.212681638044914,0.983221476510067,0.521933389276079,1.99102447081323,0.0887669298249559,0.744
3.5,2000,5e-05,"seasonal",0.4,105.326050180044,5,0,0,0,0.325581395348837,0.982758620689655,0.700205378047835,4.68241686846613,0.0225188224786487,0.967
3.5,2000,8e-05,"constant",0,105.326050180044,5,0,0,0,0.254385964912281,0.983193277310924,0.532634219822241,2.64613150508957,0.193720559406607,0.757
3.5,2000,8e-05,"seasonal",0.4,105.326050180044,5,0,0,0,0.25625,0.96218487394958,0.627528069502729,4.5315174658114,0.0733448122988198,0.965
3.5,2000,1e-04,"constant",0,105.326050180044,5,0,0,0,0.2802439850898,0.978813559322034,0.538451006271477,3.16486490045297,0.30969948843222,0.739
3.5,2000,1e-04,"seasonal",0.4,105.326050180044,5,0,0,0,0.226332970620239,0.943741209563994,0.792517606523799,4.7116574734293,0.156793684033393,0.965
3.5,2000,2e-04,"constant",0,105.326050180044,5,1,0.3,0.294812119883842,0.407723989887561,0.945372371782276,0.559085946963329,5.1619442289374,2.21628441782634,0.732
3.5,2000,2e-04,"seasonal",0.4,105.326050180044,5,0,0,0.00681759903566928,0.371322946923686,0.968455981182796,1.06116008415389,7.1570974194183,1.44326242430665,0.976
3.5,3000,1e-05,"constant",0,105.326050180044,5,0,0,0,0.233404710920771,0.983240223463687,0.219501179474984,0.784071540277282,0.0225240641654699,0.672
3.5,3000,1e-05,"seasonal",0.4,105.326050180044,5,0,0,0,0.179487179487179,1,0.325878039954307,3.01497010748585,0.00453919877959806,0.95
3.5,3000,2e-05,"constant",0,105.326050180044,5,0,0,0,0.228976697061803,0.985545335085414,0.222517610943289,1.08908266910135,0.0424495220032173,0.7
3.5,3000,2e-05,"seasonal",0.4,105.326050180044,5,0,0,0,0.196428571428571,0.933333333333333,0.401590551760889,3.23750877416885,0.0181670156677178,0.95
3.5,3000,3e-05,"constant",0,105.326050180044,5,0,0,0,0.228476821192053,0.990557939914163,0.230185341088076,1.41766655628422,0.0690857912281665,0.719
3.5,3000,3e-05,"seasonal",0.4,105.326050180044,5,0,0,0,0.222602739726027,0.907488986784141,0.369035410038228,2.95086070420684,0.0297394740594382,0.947
3.5,3000,5e-05,"constant",0,105.326050180044,5,0,0,0,0.261750633267661,0.985512771635532,0.229865046024293,2.04511108868636,0.162401886641706,0.712
3.5,3000,5e-05,"seasonal",0.4,105.326050180044,5,0,0,0,0.248809523809524,0.935023771790808,0.436374239909471,3.4124975864557,0.0880833510974795,0.945
3.5,3000,8e-05,"constant",0,105.326050180044,5,0,0,0.00505418881157197,0.291127384196185,0.976756756756757,0.247160733574419,3.7178498488006,0.515134454039029,0.697
3.5,3000,8e-05,"seasonal",0.4,105.326050180044,5,0.2,0,0.0197195222179607,0.265195729537367,0.944498256489733,0.61256051472368,4.55475736659019,0.431594692728362,0.941
3.5,3000,1e-04,"constant",0,105.326050180044,5,1,0.255,0.266425401347871,0.352877627185229,0.957702230991046,0.240312155436359,3.75256777422327,1.40407363452144,0.696
3.5,3000,1e-04,"seasonal",0.4,105.326050180044,5,0.8,0.125,0.142711522656293,0.321192871926376,0.95150341336197,0.652429593720745,5.31134378847413,0.924551268126071,0.956
3.5,3000,2e-04,"constant",0,105.326050180044,5,1,0.69,0.690910196701551,0.488816811507537,0.865991048268145,0.220319558352252,2.24327862655571,4.94113962053188,0.687
3.5,3000,2e-04,"seasonal",0.4,105.326050180044,5,1,0.545,0.586301956057202,0.464327878841735,0.790124773381679,0.534141652341419,2.81261721353117,3.60266829784937,0.949
3.5,5000,1e-05,"constant",0,105.326050180044,5,1,0.055,0.045966084050189,0.204821638573109,0.995809711609564,0.0337566435389315,0.506969914269141,0.0580187895093048,0.631
3.5,5000,1e-05,"seasonal",0.4,105.326050180044,5,0,0,0.000165196427593009,0.223325062034739,0.916932907348243,0.142667020813766,1.44916278266874,0.0137535884668641,0.927
3.5,5000,2e-05,"constant",0,105.326050180044,5,1,0.075,0.0749948495972823,0.225095464594359,0.988242413763292,0.0359431115438358,1.03986013747915,0.176322383514222,0.657
3.5,5000,2e-05,"seasonal",0.4,105.326050180044,5,0,0,0.0011439373185031,0.206742687159147,0.910625,0.183254385620079,1.74909662714328,0.039581307663544,0.93
3.5,5000,3e-05,"constant",0,105.326050180044,5,1,0.29,0.265661936332256,0.275773003849497,0.976989815164089,0.035922677455914,1.31546950097575,0.586360930690865,0.633
3.5,5000,3e-05,"seasonal",0.4,105.326050180044,5,0.8,0.065,0.0690184099501397,0.232935534240464,0.912104689203926,0.213538096908269,2.07824930209626,0.198605313059352,0.927
3.5,5000,5e-05,"constant",0,105.326050180044,5,1,0.725,0.724147663141746,0.375156672603734,0.931719805743243,0.0398566940014673,0.902607081950967,1.873385561135,0.647
3.5,5000,5e-05,"seasonal",0.4,105.326050180044,5,1,0.405,0.412792614103337,0.350569849538567,0.888312058470246,0.201668720667917,2.00094213245794,1.22600408546656,0.928
3.5,5000,8e-05,"constant",0,105.326050180044,5,1,0.875,0.87588833488576,0.44419328039568,0.88396829810901,0.0369940059529461,0.610514568339009,3.46532998858412,0.654
3.5,5000,8e-05,"seasonal",0.4,105.326050180044,5,1,0.69,0.702870472850803,0.438182252219015,0.808559950556242,0.182410522520912,1.40355106837979,2.71013916689676,0.917
3.5,5000,1e-04,"constant",0,105.326050180044,5,1,0.92,0.918603199824667,0.469562915076231,0.847884863358429,0.0380037254252237,0.505629071654721,4.47931563627374,0.63
3.5,5000,1e-04,"seasonal",0.4,105.326050180044,5,1,0.77,0.787340310119993,0.459504863956775,0.759114583333333,0.17826568045411,1.17718591940129,3.54366943291003,0.93
3.5,5000,2e-04,"constant",0,105.326050180044,5,1,0.98,0.977293189414279,0.518899821448923,0.732312065698042,0.0305036916373791,0.271834514989159,8.98025306015054,0.626
3.5,5000,2e-04,"seasonal",0.4,105.326050180044,5,1,0.915,0.920705386006246,0.517956995445898,0.623714422386989,0.149962879207581,0.768091704785748,7.37303968163994,0.93
3.5,7500,1e-05,"constant",0,105.326050180044,5,1,0.535,0.535829434003616,0.248220412761817,0.97908719346049,0.00395336955536109,0.392216738103771,0.398830288707305,0.586
3.5,7500,1e-05,"seasonal",0.4,105.326050180044,5,1,0.22,0.212427483425566,0.242505764796311,0.882394723490614,0.0644744266381764,0.728151797249141,0.161061093986744,0.901
3.5,7500,2e-05,"constant",0,105.326050180044,5,1,0.87,0.863903347761766,0.311417164206439,0.95388052555987,0.00502360153567235,0.370610382154584,1.0478582296228,0.617
3.5,7500,2e-05,"seasonal",0.4,105.326050180044,5,1,0.65,0.658536354172374,0.316578242082809,0.859543817527011,0.0650142246539078,0.709109351212976,0.76458656828637,0.911
3.5,7500,3e-05,"constant",0,105.326050180044,5,1,0.975,0.969996328968276,0.366502732240437,0.922798240317433,0.0043767509979928,0.204032704637636,1.80879159178076,0.554
3.5,7500,3e-05,"seasonal",0.4,105.326050180044,5,1,0.83,0.829772943948277,0.370891112986856,0.831212144445296,0.0569702205035449,0.574611874043318,1.5119102535651,0.896
3.5,7500,5e-05,"constant",0,105.326050180044,5,1,0.99,0.990480247657663,0.431548285906341,0.875049270792274,0.00392095689874415,0.140012390535275,3.15427941803553,0.603
3.5,7500,5e-05,"seasonal",0.4,105.326050180044,5,1,0.915,0.917052490274506,0.435296510002288,0.781103709038531,0.051444942855628,0.46019639022527,2.75876882227231,0.905
3.5,7500,8e-05,"constant",0,105.326050180044,5,1,0.995,0.996880335324092,0.471711798839458,0.791533180778032,0.00347083277082786,0.0841062390204025,5.31808936825888,0.583
3.5,7500,8e-05,"seasonal",0.4,105.326050180044,5,1,0.96,0.958610487096597,0.476176584986387,0.694325846172885,0.0470685694874808,0.333175336543784,4.31969957272293,0.906
3.5,7500,1e-04,"constant",0,105.326050180044,5,1,1,0.997046408415977,0.494961873638344,0.747910488002157,0.0036144044071462,0.0743040723731648,6.52653773766367,0.586
3.5,7500,1e-04,"seasonal",0.4,105.326050180044,5,1,0.97,0.967976439647143,0.488826815642458,0.666051912568306,0.0451498045020304,0.304103578888398,5.08545018702709,0.912
3.5,7500,2e-04,"constant",0,105.326050180044,5,1,1,0.999524135663799,0.517448083922072,0.622005323868678,0.00272146280324082,0.0469230994816642,11.277859344206,0.586
3.5,7500,2e-04,"seasonal",0.4,105.326050180044,5,1,0.99,0.990513780066846,0.524360080529192,0.497278993832386,0.0345351152410078,0.177702362733645,8.69471049224395,0.916
3.5,10000,1e-05,"constant",0,105.326050180044,5,1,0.785,0.797438551312257,0.275815217391304,0.965491825247923,0.00141151659378729,0.300341106672574,0.667512162892773,0.569
3.5,10000,1e-05,"seasonal",0.4,105.326050180044,5,1,0.815,0.801388855405183,0.284095102535716,0.850589101620029,0.0229974646398471,0.324664664545457,0.462074091807066,0.913
3.5,10000,2e-05,"constant",0,105.326050180044,5,1,0.995,0.987587474658923,0.34582152018361,0.932101950263131,0.00128873053455367,0.163710871164307,1.56029891225944,0.548
3.5,10000,2e-05,"seasonal",0.4,105.326050180044,5,1,0.96,0.956558873486384,0.356812633109968,0.81658859634954,0.0177974288173019,0.226697878378685,1.29857030036504,0.875
3.5,10000,3e-05,"constant",0,105.326050180044,5,1,1,0.998604295655033,0.394784087687801,0.89367681498829,0.00131417652651072,0.11066057076819,2.43846597593549,0.561
3.5,10000,3e-05,"seasonal",0.4,105.326050180044,5,1,0.97,0.971192537395211,0.403412163823197,0.802867974287127,0.017689763723146,0.227011058872678,1.99071256383354,0.91
3.5,10000,5e-05,"constant",0,105.326050180044,5,1,1,0.999515040271766,0.451416703753152,0.816657652785289,0.00114506725832954,0.0685790497768425,4.08771475136938,0.571
3.5,10000,5e-05,"seasonal",0.4,105.326050180044,5,1,0.99,0.9870272861761,0.455399061032864,0.735238545111006,0.0149350584465402,0.163414044638404,3.29005031180575,0.881
3.5,10000,8e-05,"constant",0,105.326050180044,5,1,1,0.999907731083228,0.49463696369637,0.728979591836735,0.000967785728478071,0.0488303989157042,6.73031135182837,0.569
3.5,10000,8e-05,"seasonal",0.4,105.326050180044,5,1,0.995,0.994124431537998,0.46973944591029,0.657285025656974,0.0138731752432842,0.12476251153443,4.58113835327643,0.904
3.5,10000,1e-04,"constant",0,105.326050180044,5,1,1,0.999923784998082,0.490332559938128,0.676783004552352,0.000883076773235101,0.0389800936352598,7.90973692590465,0.552
3.5,10000,1e-04,"seasonal",0.4,105.326050180044,5,1,0.995,0.994267382609172,0.497620602780629,0.591010401188707,0.0137377358560139,0.109312923544383,5.67327903881895,0.891
3.5,10000,2e-04,"constant",0,105.326050180044,5,1,1,0.99999397293299,0.514059405940594,0.504482477587612,0.000595823949439488,0.0252984059005394,13.0101356597358,0.549
3.5,10000,2e-04,"seasonal",0.4,105.326050180044,5,1,1,0.998688948550764,0.5292,0.470688190314359,0.0101250803064833,0.0757215586855757,8.83294117647059,0.889
3.5,15000,1e-05,"constant",0,105.326050180044,5,1,0.985,0.981842419593447,0.317206429646053,0.933317870810623,0.000634933437340155,0.141610783081611,1.1709222064884,0.525
3.5,15000,1e-05,"seasonal",0.4,105.326050180044,5,1,0.995,0.994200262999288,0.321468203158344,0.821235375518933,0.00657308983508937,0.136819582347412,0.815557129290784,0.876
3.5,15000,2e-05,"constant",0,105.326050180044,5,1,1,0.999772067283984,0.386169386169386,0.876371308016878,0.000588773395579923,0.0797828819093158,2.40182122323279,0.53
3.5,15000,2e-05,"seasonal",0.4,105.326050180044,5,1,1,0.998788614322503,0.385647099808396,0.81060391267366,0.00506006362146284,0.122811632512522,1.77055426149301,0.877
3.5,15000,3e-05,"constant",0,105.326050180044,5,1,1,1,0.424715909090909,0.800352733686067,0.000574289123106725,0.0499175829268723,3.84996703795346,0.51
3.5,15000,3e-05,"seasonal",0.4,105.326050180044,5,1,1,0.999189140321078,0.433652924256951,0.779752835618757,0.00450776828472281,0.108625773402445,2.62336778142312,0.878
3.5,15000,5e-05,"constant",0,105.326050180044,5,1,1,1,0.489847715736041,0.745816372682044,0.000559789358184698,0.0436400667074439,6.27811820360997,0.507
3.5,15000,5e-05,"seasonal",0.4,105.326050180044,5,1,1,0.999651032820119,0.477320516671673,0.660057471264368,0.00331066419888384,0.0677115839521427,4.0128898877295,0.863
3.5,15000,8e-05,"constant",0,105.326050180044,5,1,1,1,0.497117667005765,0.623061362103844,0.000374430245026352,0.0295844790470037,9.15573644993379,0.522
3.5,15000,8e-05,"seasonal",0.4,105.326050180044,5,1,1,0.999900553394335,0.499244142101285,0.561132075471698,0.00324078238190183,0.0534527407681268,5.29519162234773,0.846
3.5,15000,1e-04,"constant",0,105.326050180044,5,1,1,1,0.499420625724218,0.545524691358025,0.000373938604873534,0.0259531472068574,10.5221637029698,0.552
3.5,15000,1e-04,"seasonal",0.4,105.326050180044,5,1,1,0.999961536354172,0.502243110446486,0.520600858369099,0.00254865482292502,0.0472061906120968,5.70396256391771,0.868
3.5,15000,2e-04,"constant",0,105.326050180044,5,1,1,1,0.505571847507331,0.315539739027283,0.000282214781159831,0.0170691108571037,14.8646873357865,0.549
3.5,15000,2e-04,"seasonal",0.4,105.326050180044,5,1,1,0.999974521944003,0.554870267971076,0.43573817486861,0.00305849701918166,0.0472680927360523,8.91200830845134,0.88
3.5,30000,1e-05,"constant",0,105.326050180044,5,1,1,1,0.385177664974619,0.830911492734478,0.000371923507779918,0.0502186713921176,2.54963825311929,0.476
3.5,30000,1e-05,"seasonal",0.4,105.326050180044,5,1,1,1,0.386819830713422,0.783277460067048,0.00278511516307521,0.0866231903987798,1.82489408111742,0.838
3.5,30000,2e-05,"constant",0,105.326050180044,5,1,1,1,0.443573133310603,0.70343137254902,0.000243609808900719,0.0294997220033297,5.07374512433824,0.46
3.5,30000,2e-05,"seasonal",0.4,105.326050180044,5,1,1,1,0.452376980817348,0.668291197075845,0.00251926800222142,0.0610559575789901,3.30462656024648,0.845
3.5,30000,3e-05,"constant",0,105.326050180044,5,1,1,1,0.490130197396052,0.613673805601318,0.000171912466798791,0.0238862179766874,7.39837571403035,0.452
3.5,30000,3e-05,"seasonal",0.4,105.326050180044,5,1,1,1,0.475025906735751,0.589814449269641,0.00205699142697127,0.0488043451572982,4.23769087505353,0.838
3.5,30000,5e-05,"constant",0,105.326050180044,5,1,1,1,0.477924944812362,0.469344608879493,8.07148549559891e-05,0.0181512888436017,10.3473200037549,0.494
3.5,30000,5e-05,"seasonal",0.4,105.326050180044,5,1,1,1,0.510715207849213,0.46754617414248,0.00167797180248344,0.0390010132326093,5.55167416762885,0.844
3.5,30000,8e-05,"constant",0,105.326050180044,5,1,1,1,0.483792544570502,0.304552590266876,2.01421400768852e-05,0.0123507614045191,13.730756333263,0.441
3.5,30000,8e-05,"seasonal",0.4,105.326050180044,5,1,1,1,0.521915820029028,0.383120825743777,0.00194641265861021,0.0346000647465673,7.89319230407086,0.824
3.5,30000,1e-04,"constant",0,105.326050180044,5,1,1,1,0.495689655172414,0.223931623931624,0.000120817740624809,0.0116085763526007,15.139812629622,0.442
3.5,30000,1e-04,"seasonal",0.4,105.326050180044,5,1,1,1,0.558858151854032,0.339559706470981,0.00185351789595736,0.0341122855742908,8.70090146971141,0.807
3.5,30000,2e-04,"constant",0,105.326050180044,5,1,1,1,0.519120458891013,0.0795228628230616,5.03147928065456e-05,0.0104653201099902,19.5239069291745,0.458
3.5,30000,2e-04,"seasonal",0.4,105.326050180044,5,1,1,1,0.593843843843844,0.118299445471349,0.00121241203547145,0.0267169315874989,9.16438898418512,0.834
