"patch","I1_extinction_events","I1_recolonization_events","I2_extinction_events_after_intro","I2_recolonization_events_after_intro","fraction_time_I1_present","fraction_time_I2_present_after_intro","mean_population"
1,3,3,2,2,0.581083783243351,0.447888027993002,4481.2525494901
2,5,4,2,3,0.0757848430313937,0.0904773806548363,8487.89122175565
3,3,2,1,2,0.0683863227354529,0.113971507123219,8430.99520095981
4,1,0,1,1,0.028994201159768,0.0564858785303674,9098.51289742052
5,3,2,0,1,0.0617876424715057,0.494126468382904,6737.1023795241
6,5,4,2,2,0.105178964207159,0.10497375656086,7701.99280143971
7,0,0,3,3,1,0.00549862534366408,3480.38732253549
8,1,0,1,1,0.0243951209758048,0.00424893776555861,9475.74845030994
9,2,1,1,1,0.0733853229354129,0.000999750062484379,8990.84763047391
10,3,2,0,0,0.0751849630073985,0,8970.25274945011
11,6,5,1,1,0.194561087782444,0.0662334416395901,7316.27574485103
12,6,5,0,0,0.167566486702659,0,7520.75824835033
13,0,0,1,1,1,0.00224943764058985,3495.67326534693
14,3,2,0,0,0.119376124775045,0,8563.07478504299
15,4,3,0,0,0.186362727454509,0,8018.59648070386
16,2,1,0,0,0.0615876824635073,0,9027.03179364127
17,2,2,2,2,0.172365526894621,0.0532366908272932,7877.99540091982
18,5,4,0,1,0.0753849230153969,0.094976255936016,8618.56688662268
19,2,1,1,2,0.0637872425514897,0.321419645088728,7507.63347330534
20,1,0,0,0,0.0275944811037792,0,9501.06118776245
21,3,2,1,1,0.0703859228154369,0.0507373156710822,8616.1149770046
22,3,2,0,0,0.140571885622875,0,8553.6198760248
23,1,0,0,1,0.0291941611677664,0.167708072981755,8744.38712257548
24,0,0,0,0,1,0,3511.46570685863
25,3,3,1,1,0.11877624475105,0.102224443889028,8353.69946010798
26,3,2,1,1,0.0627874425114977,0.0484878780304924,9075.72265546891
27,3,3,1,1,0.449310137972406,0.0419895026243439,6437.21675664867
28,3,2,0,0,0.0941811637672466,0,8487.98480303939
29,5,5,2,2,0.121775644871026,0.0629842539365159,8147.99100179964
30,2,1,0,1,0.0495900819836033,0.0267433141714571,9455.39132173565
31,6,5,2,2,0.195560887822436,0.0547363159210197,7117.53789242152
32,2,1,4,4,0.0885822835432913,0.122219445138715,8235.31073785243
33,5,4,0,0,0.155168966206759,0,8030.59948010398
34,1,0,1,2,0.0243951209758048,0.154461384653837,8658.23635272945
35,3,3,1,1,0.0941811637672466,0.0149962509372657,8874.83103379324
36,1,1,2,2,0.964007198560288,0.0044988752811797,3551.84283143371
37,0,0,0,0,1,0,3447.55628874225
38,4,3,0,0,0.0981803639272146,0,8499.73765246951
39,1,0,0,0,0.0293941211757648,0,9510.52309538092
40,3,2,2,3,0.0293941211757648,0.331917020744814,7732.36952609478
41,4,3,2,3,0.0631873625274945,0.208447888027993,8067.19296140772
42,3,2,1,1,0.0695860827834433,0.047488127968008,8643.48790241952
43,3,2,2,2,0.0737852429514097,0.00249937515621095,9011.14857028594
44,1,1,0,0,0.903019396120776,0,3806.51329734053
45,2,1,4,4,0.0613877224555089,0.00374906273431642,9006.78224355129
46,2,1,2,2,0.0389922015596881,0.0539865033741565,9089.3825234953
47,2,2,1,1,0.566686662667466,0.00224943764058985,5905.4949010198
48,2,2,0,0,0.493901219756049,0,6212.52969406119
49,3,2,1,1,0.0747850429914017,0.0594851287178205,8577.7474505099
50,3,2,0,0,0.0623875224955009,0,9021.51269746051
51,3,2,3,4,0.0637872425514897,0.0832291927018246,8528.0373925215
52,3,2,1,2,0.0649870025994801,0.0262434391402149,8965.60807838432
53,3,2,1,1,0.0661867626474705,0.000499875031242189,8969.54409118176
54,4,3,2,2,0.0793841231753649,0.0582354411397151,8671.52569486103
55,5,4,2,2,0.121375724855029,0.00149962509372657,8537.93881223755
56,4,3,2,2,0.0787842431513697,0.11647088227943,8199.09338132374
57,2,2,1,1,0.786642671465707,0.0047488127968008,4356.41531693661
58,4,3,1,2,0.0799840031993601,0.284428892776806,7679.36112777444
59,1,0,2,3,0.0287942411517696,0.239440139965009,8334.3801239752
60,2,1,0,0,0.030993801239752,0,9490.15176964607
61,3,2,0,0,0.0349930013997201,0,9502.78704259148
62,3,2,1,1,0.0753849230153969,0.0452386903274181,8594.29634073185
63,4,3,2,2,0.108378324335133,0.0674831292176956,8177.37332533493
64,0,0,0,0,1,0,3454.87282543491
65,1,0,3,3,0.0313937212557489,0.191202199450137,8369.4699060188
66,2,1,1,1,0.0319936012797441,0.000499875031242189,9489.69446110778
67,4,3,0,1,0.0921815636872625,0.253186703324169,7857.33553289342
68,1,0,1,1,0.0287942411517696,0.0722319420144964,9089.27294541092
69,3,2,0,0,0.0705858828234353,0,8998.4025194961
70,2,1,1,1,0.0675864827034593,0.00124968757810547,9009.27674465107
71,3,2,1,1,0.0969806038792242,0.0514871282179455,8083.51629674065
72,2,1,3,3,0.0723855228954209,0.117970507373157,8199.84303139372
73,1,0,0,0,0.0255948810237952,0,9469.55268946211
74,5,4,0,0,0.0965806838632274,0,9005.16796640672
75,2,1,1,1,0.0619876024795041,0.0512371907023244,8587.78264347131
76,3,2,0,0,0.0727854429114177,0,9031.23475304939
77,2,1,1,1,0.0379924015196961,0.00299925018745314,9496.89522095581
78,6,5,1,2,0.0717856428714257,0.327668082979255,7339.11377724455
79,5,4,2,2,0.149370125974805,0.0137465633591602,7960.60707858428
80,3,2,2,2,0.0593881223755249,0.0589852536865784,8595.84563087383
81,2,1,0,1,0.0737852429514097,0.3744063984004,7288.09298140372
82,4,3,2,2,0.102379524095181,0.079230192451887,8089.0175964807
83,3,2,0,0,0.0331933613277345,0,9479.7550489902
84,4,3,0,0,0.130973805238952,0,7979.85582883423
85,0,0,1,1,1,0.000499875031242189,3450.6824635073
86,2,1,0,0,0.0685862827434513,0,8987.17296540692
87,2,1,0,1,0.0671865626874625,0.0327418145463634,8945.98460307938
88,2,1,1,1,0.0755848830233953,0.000249937515621095,8996.73025394921
89,2,2,0,0,0.893821235752849,0,3771.13317336533
90,4,4,0,1,0.0439912017596481,0.505623594101475,7214.05558888222
91,2,1,1,1,0.0683863227354529,0.0559860034991252,8598.78424315137
92,3,2,2,2,0.103979204159168,0.00199950012496876,8567.84643071386
93,2,1,2,2,0.0621875624875025,0.112471882029493,8279.48450309938
94,4,3,1,2,0.10877824435113,0.0552361909522619,8371.55208958208
95,3,2,1,1,0.0951809638072385,0.0532366908272932,8121.95400919816
96,4,3,0,0,0.0967806438712258,0,8511.97580483903
97,1,0,1,1,0.0377924415116977,0.0467383154211447,9085.42911417716
98,0,0,1,1,1,0.00274931267183204,3491.76404719056
99,5,4,0,1,0.10877824435113,0.0199950012496876,8469.31273745251
100,3,3,1,1,0.240551889622076,0.0544863784053986,7554.95080983803
101,2,1,0,0,0.0777844431113777,0,9025.45330933813
102,2,1,0,1,0.0287942411517696,0.716320919770058,6179.87382523495
103,4,4,0,0,0.114377124575085,0,8422.27134573085
104,3,2,0,1,0.110177964407119,0.0249937515621095,8445.69966006799
105,8,7,1,1,0.199360127974405,0.000999750062484379,7563.04879024195
106,3,2,1,2,0.0637872425514897,0.0797300674831292,8575.97160567886
107,4,3,0,1,0.0839832033593281,0.00349912521869533,8968.97640471906
108,2,2,1,1,0.0735852829434113,0.000749812546863284,8997.25274945011
109,2,1,0,0,0.0345930813837233,0,9491.84203159368
110,3,2,0,1,0.0651869626074785,0.263184203949013,7889.80643871226
111,2,1,1,1,0.0669866026794641,0.0642339415146213,8644.38112377525
112,2,1,0,1,0.0293941211757648,0.466883279180205,7364.44051189762
113,3,2,1,1,0.0683863227354529,0.00124968757810547,9029.75664867027
114,4,3,0,0,0.0739852029594081,0,9001.62927414517
115,3,2,0,0,0.103979204159168,0,8488.60407918416
116,2,1,0,0,0.0763847230553889,0,8994.77424515097
117,6,5,1,2,0.096380723855229,0.258685328667833,7219.93601279744
118,2,1,0,0,0.0609878024395121,0,8982.16836632673
119,2,1,1,1,0.0727854429114177,0.0529867533116721,8616.59268146371
120,4,3,0,1,0.0759848030393921,0.0044988752811797,8999.60187962408
121,2,2,3,3,0.15996800639872,0.0574856285928518,8135.7350529894
122,0,0,0,0,1,0,3495.72985402919
123,2,1,0,0,0.0735852829434113,0,9007.05458908218
124,3,2,1,1,0.112377524495101,0.00249937515621095,8498.64707058588
125,3,2,1,2,0.030993801239752,0.0694826293426643,9093.06958608278
126,1,0,0,1,0.0251949610077984,0.723569107723069,6133.35652869426
127,3,3,2,2,0.279144171165767,0.010497375656086,7512.05878824235
128,3,2,1,1,0.130573885222955,0.0614846288427893,8177.86682663467
129,6,5,2,2,0.21495700859828,0.00149962509372657,7145.21155768846
130,4,4,2,2,0.0675864827034593,0.0534866283429143,8611.54929014197
131,2,2,2,2,0.146570685862827,0.121719570107473,7926.08018396321
132,4,3,1,2,0.0617876424715057,0.0357410647338165,8888.13877224555
133,3,2,1,1,0.105578884223155,0.0624843789052737,8193.91921615677
134,4,3,3,3,0.144171165766847,0.107473131717071,7328.16056788642
135,2,1,0,1,0.0437912417516497,0.314421394651337,8065.96640671866
136,2,1,0,1,0.0871825634873025,0.0192451887028243,8993.88422315537
137,2,1,0,0,0.0695860827834433,0,9010.87302539492
138,4,3,0,1,0.0717856428714257,0.4703824043989,6844.88162367526
139,4,3,0,1,0.0669866026794641,0.435891027243189,6996.23155368926
140,2,1,1,1,0.0719856028794241,0.0547363159210197,8711.17436512698
141,3,2,1,1,0.0903819236152769,0.000749812546863284,8492.64607078584
142,2,2,1,1,0.663467306538692,0.000999750062484379,5381.83903219356
143,1,0,1,1,0.0337932413517297,0.00149962509372657,9469.52569486103
144,3,2,0,0,0.0523895220955809,0,9009.93061387722
145,3,3,2,2,0.104779044191162,0.0549862534366408,8392.95680863827
146,5,4,2,2,0.171565686862627,0.105723569107723,7241.24475104979
147,2,2,1,1,0.101379724055189,0.0627343164208948,8413.67286542692
148,2,1,0,1,0.0625874825034993,0.0482379405148713,8797.00899820036
149,3,2,0,0,0.104179164167167,0,8506.58108378324
150,2,1,1,2,0.0403919216156769,0.294926268432892,8034.01519696061
151,8,7,0,0,0.180963807238552,0,7492.7200559888
152,4,3,1,1,0.101779644071186,0.0572356910772307,8155.54029194161
153,3,3,1,2,0.412717456508698,0.00874781304673831,6839.34933013397
154,4,3,1,1,0.0635872825434913,0.00224943764058985,9005.38472305539
155,3,2,1,1,0.0733853229354129,0.0597350662334416,8601.92781443711
156,2,1,1,1,0.0673865226954609,0.000499875031242189,8987.48890221956
157,1,0,0,0,0.0273945210957808,0,9523.77904419116
158,2,1,2,2,0.0509898020395921,0.0687328167958011,9082.59028194361
159,1,0,1,2,0.0351929614077185,0.0222444388902774,9467.43871225755
160,3,2,2,2,0.110377924415117,0.0484878780304924,8062.96360727854
161,5,4,0,0,0.113977204559088,0,8536.93421315737
162,3,3,4,4,0.119776044791042,0.0542364408897776,8376.46390721856
163,3,2,0,0,0.0641871625674865,0,9027.24335132973
164,3,2,1,1,0.117976404719056,0.0647338165458635,8765.39632073585
165,2,1,0,0,0.0661867626474705,0,9053.95040991802
166,3,2,1,1,0.0645870825834833,0.000749812546863284,9009.54649070186
167,3,2,0,1,0.0989802039592082,0.25343664083979,7338.04419116177
168,2,1,2,2,0.0659868026394721,0.00399900024993752,9008.30453909218
169,2,1,0,1,0.0381923615276945,0.851287178205449,5568.70305938812
170,5,4,0,0,0.131573685262947,0,8114.37412517497
171,3,2,0,1,0.0743851229754049,0.529117720569858,6568.17516496701
172,3,2,0,0,0.105978804239152,0,8820.98020395921
173,1,0,1,1,0.0317936412717457,0.00124968757810547,9487.74545090982
174,1,0,1,1,0.0367926414717057,0.0612346913271682,9073.61947610478
175,3,2,0,0,0.0681863627274545,0,9032.19176164767
176,1,0,1,1,0.0335932813437313,0.0467383154211447,9114.12837432514
177,4,3,1,1,0.102979404119176,0.00324918770307423,8491.9850029994
178,1,0,1,1,0.0315936812637473,0.0584853786553362,9087.0423915217
179,1,0,0,1,0.0253949210157968,0.116970757310672,8991.43191361728
180,1,0,0,1,0.0389922015596881,0.42014496375906,7557.61687662467
181,1,1,4,4,0.605478904219156,0.00974756310922269,5811.48030393921
182,1,0,0,0,0.0353929214157169,0,9513.93621275745
183,1,0,0,0,0.0261947610477904,0,9495.19736052789
184,4,3,1,1,0.0633873225354929,0.0614846288427893,8725.86202759448
185,2,1,1,2,0.0677864427114577,0.364158960259935,7338.96520695861
186,3,2,1,1,0.0295940811837632,0.0519870032491877,9096.72265546891
187,1,0,1,1,0.0225954809038192,0.052736815796051,9079.99940011998
188,3,3,0,0,0.142971405718856,0,8301.5548890222
189,2,1,0,1,0.0635872825434913,0.0872281929517621,8664.83223355329
190,4,3,1,2,0.0585882823435313,0.462134466383404,6779.15876824635
191,3,2,0,0,0.105178964207159,0,8558.91641671666
192,2,1,3,3,0.025994801039792,0.179955011247188,8335.17476504699
193,1,0,1,1,0.0251949610077984,0.00199950012496876,9501.24375124975
194,4,3,2,2,0.100179964007199,0.102474381404649,8156.8700259948
195,1,0,0,0,0.0241951609678064,0,9502.11937612478
196,4,3,0,0,0.125574885022995,0,8607.69606078784
197,2,1,3,3,0.135172965406919,0.113721569607598,7928.60027994401
198,2,1,0,0,0.02999400119976,0,9513.78824235153
199,3,2,0,0,0.0937812437512497,0,9021.61487702459
200,2,1,1,1,0.0721855628874225,0.000499875031242189,8992.36112777445
