"R0","K","alpha","scenario","decade","mean_occupied_patches"
2,3000,2e-05,"seasonal",0,6.74390243902439
2,3000,2e-05,"seasonal",10,0.350684931506849
2,3000,2e-05,"seasonal",20,0
2,3000,2e-05,"seasonal",30,0
2,3000,2e-05,"seasonal",40,0
2,3000,2e-05,"seasonal",50,0
2,3000,2e-05,"seasonal",60,0
2,3000,2e-05,"seasonal",70,0
2,3000,2e-05,"seasonal",80,0
2,3000,2e-05,"seasonal",90,0
2,3000,2e-05,"seasonal",100,0
2,3000,2e-05,"constant",0,182.112804878049
2,3000,2e-05,"constant",10,190.547945205479
2,3000,2e-05,"constant",20,191.742465753425
2,3000,2e-05,"constant",30,189.175342465753
2,3000,2e-05,"constant",40,193.290410958904
2,3000,2e-05,"constant",50,192.608219178082
2,3000,2e-05,"constant",60,194.150684931507
2,3000,2e-05,"constant",70,191.484931506849
2,3000,2e-05,"constant",80,191.457534246575
2,3000,2e-05,"constant",90,195.276712328767
2,3000,2e-05,"constant",100,197
2,3000,5e-05,"seasonal",0,17.2317073170732
2,3000,5e-05,"seasonal",10,9.87397260273973
2,3000,5e-05,"seasonal",20,0
2,3000,5e-05,"seasonal",30,0
2,3000,5e-05,"seasonal",40,0
2,3000,5e-05,"seasonal",50,0
2,3000,5e-05,"seasonal",60,0
2,3000,5e-05,"seasonal",70,0
2,3000,5e-05,"seasonal",80,0
2,3000,5e-05,"seasonal",90,0
2,3000,5e-05,"seasonal",100,0
2,3000,5e-05,"constant",0,193.359756097561
2,3000,5e-05,"constant",10,197.997260273973
2,3000,5e-05,"constant",20,197.323287671233
2,3000,5e-05,"constant",30,197.695890410959
2,3000,5e-05,"constant",40,198.232876712329
2,3000,5e-05,"constant",50,197.12602739726
2,3000,5e-05,"constant",60,195.871232876712
2,3000,5e-05,"constant",70,197.232876712329
2,3000,5e-05,"constant",80,197.956164383562
2,3000,5e-05,"constant",90,197.112328767123
2,3000,5e-05,"constant",100,198
2,3000,1e-04,"seasonal",0,52.1829268292683
2,3000,1e-04,"seasonal",10,68.8876712328767
2,3000,1e-04,"seasonal",20,62.5835616438356
2,3000,1e-04,"seasonal",30,66.0547945205479
2,3000,1e-04,"seasonal",40,66.5643835616438
2,3000,1e-04,"seasonal",50,63.6547945205479
2,3000,1e-04,"seasonal",60,69.3369863013699
2,3000,1e-04,"seasonal",70,71.5534246575343
2,3000,1e-04,"seasonal",80,64.8191780821918
2,3000,1e-04,"seasonal",90,73.8684931506849
2,3000,1e-04,"seasonal",100,101
2,3000,1e-04,"constant",0,196.65243902439
2,3000,1e-04,"constant",10,199.246575342466
2,3000,1e-04,"constant",20,199.016438356164
2,3000,1e-04,"constant",30,197.630136986301
2,3000,1e-04,"constant",40,198.506849315069
2,3000,1e-04,"constant",50,199.558904109589
2,3000,1e-04,"constant",60,199.112328767123
2,3000,1e-04,"constant",70,198.821917808219
2,3000,1e-04,"constant",80,199.646575342466
2,3000,1e-04,"constant",90,198.523287671233
2,3000,1e-04,"constant",100,198
2,10000,2e-05,"seasonal",0,136.704268292683
2,10000,2e-05,"seasonal",10,191.564383561644
2,10000,2e-05,"seasonal",20,197.32602739726
2,10000,2e-05,"seasonal",30,197.602739726027
2,10000,2e-05,"seasonal",40,198.315068493151
2,10000,2e-05,"seasonal",50,196.81095890411
2,10000,2e-05,"seasonal",60,198.512328767123
2,10000,2e-05,"seasonal",70,197.531506849315
2,10000,2e-05,"seasonal",80,195.484931506849
2,10000,2e-05,"seasonal",90,197.482191780822
2,10000,2e-05,"seasonal",100,198
2,10000,2e-05,"constant",0,199.649390243902
2,10000,2e-05,"constant",10,200
2,10000,2e-05,"constant",20,200
2,10000,2e-05,"constant",30,200
2,10000,2e-05,"constant",40,200
2,10000,2e-05,"constant",50,200
2,10000,2e-05,"constant",60,200
2,10000,2e-05,"constant",70,200
2,10000,2e-05,"constant",80,200
2,10000,2e-05,"constant",90,200
2,10000,2e-05,"constant",100,200
2,10000,5e-05,"seasonal",0,175.783536585366
2,10000,5e-05,"seasonal",10,199.621917808219
2,10000,5e-05,"seasonal",20,198.86301369863
2,10000,5e-05,"seasonal",30,199.016438356164
2,10000,5e-05,"seasonal",40,199.342465753425
2,10000,5e-05,"seasonal",50,199.038356164384
2,10000,5e-05,"seasonal",60,199.430136986301
2,10000,5e-05,"seasonal",70,199.087671232877
2,10000,5e-05,"seasonal",80,198.849315068493
2,10000,5e-05,"seasonal",90,197.928767123288
2,10000,5e-05,"seasonal",100,200
2,10000,5e-05,"constant",0,200
2,10000,5e-05,"constant",10,200
2,10000,5e-05,"constant",20,200
2,10000,5e-05,"constant",30,200
2,10000,5e-05,"constant",40,200
2,10000,5e-05,"constant",50,200
2,10000,5e-05,"constant",60,200
2,10000,5e-05,"constant",70,200
2,10000,5e-05,"constant",80,200
2,10000,5e-05,"constant",90,200
2,10000,5e-05,"constant",100,200
2,10000,1e-04,"seasonal",0,190.47256097561
2,10000,1e-04,"seasonal",10,199.6
2,10000,1e-04,"seasonal",20,199.915068493151
2,10000,1e-04,"seasonal",30,199.830136986301
2,10000,1e-04,"seasonal",40,199.758904109589
2,10000,1e-04,"seasonal",50,199.802739726027
2,10000,1e-04,"seasonal",60,199.652054794521
2,10000,1e-04,"seasonal",70,199.624657534247
2,10000,1e-04,"seasonal",80,199.520547945205
2,10000,1e-04,"seasonal",90,199.780821917808
2,10000,1e-04,"seasonal",100,200
2,10000,1e-04,"constant",0,200
2,10000,1e-04,"constant",10,200
2,10000,1e-04,"constant",20,200
2,10000,1e-04,"constant",30,200
2,10000,1e-04,"constant",40,200
2,10000,1e-04,"constant",50,200
2,10000,1e-04,"constant",60,200
2,10000,1e-04,"constant",70,200
2,10000,1e-04,"constant",80,200
2,10000,1e-04,"constant",90,200
2,10000,1e-04,"constant",100,200
2,30000,2e-05,"seasonal",0,191.344512195122
2,30000,2e-05,"seasonal",10,200
2,30000,2e-05,"seasonal",20,200
2,30000,2e-05,"seasonal",30,200
2,30000,2e-05,"seasonal",40,200
2,30000,2e-05,"seasonal",50,200
2,30000,2e-05,"seasonal",60,200
2,30000,2e-05,"seasonal",70,200
2,30000,2e-05,"seasonal",80,200
2,30000,2e-05,"seasonal",90,200
2,30000,2e-05,"seasonal",100,200
2,30000,2e-05,"constant",0,200
2,30000,2e-05,"constant",10,200
2,30000,2e-05,"constant",20,200
2,30000,2e-05,"constant",30,200
2,30000,2e-05,"constant",40,200
2,30000,2e-05,"constant",50,200
2,30000,2e-05,"constant",60,200
2,30000,2e-05,"constant",70,200
2,30000,2e-05,"constant",80,200
2,30000,2e-05,"constant",90,200
2,30000,2e-05,"constant",100,200
2,30000,5e-05,"seasonal",0,198.435975609756
2,30000,5e-05,"seasonal",10,200
2,30000,5e-05,"seasonal",20,200
2,30000,5e-05,"seasonal",30,200
2,30000,5e-05,"seasonal",40,200
2,30000,5e-05,"seasonal",50,200
2,30000,5e-05,"seasonal",60,200
2,30000,5e-05,"seasonal",70,200
2,30000,5e-05,"seasonal",80,200
2,30000,5e-05,"seasonal",90,200
2,30000,5e-05,"seasonal",100,200
2,30000,5e-05,"constant",0,200
2,30000,5e-05,"constant",10,200
2,30000,5e-05,"constant",20,200
2,30000,5e-05,"constant",30,200
2,30000,5e-05,"constant",40,200
2,30000,5e-05,"constant",50,200
2,30000,5e-05,"constant",60,200
2,30000,5e-05,"constant",70,200
2,30000,5e-05,"constant",80,200
2,30000,5e-05,"constant",90,200
2,30000,5e-05,"constant",100,200
2,30000,1e-04,"seasonal",0,199.792682926829
2,30000,1e-04,"seasonal",10,200
2,30000,1e-04,"seasonal",20,200
2,30000,1e-04,"seasonal",30,200
2,30000,1e-04,"seasonal",40,200
2,30000,1e-04,"seasonal",50,200
2,30000,1e-04,"seasonal",60,200
2,30000,1e-04,"seasonal",70,200
2,30000,1e-04,"seasonal",80,200
2,30000,1e-04,"seasonal",90,200
2,30000,1e-04,"seasonal",100,200
2,30000,1e-04,"constant",0,200
2,30000,1e-04,"constant",10,200
2,30000,1e-04,"constant",20,200
2,30000,1e-04,"constant",30,200
2,30000,1e-04,"constant",40,200
2,30000,1e-04,"constant",50,200
2,30000,1e-04,"constant",60,200
2,30000,1e-04,"constant",70,200
2,30000,1e-04,"constant",80,200
2,30000,1e-04,"constant",90,200
2,30000,1e-04,"constant",100,200
2.5,3000,2e-05,"seasonal",0,12.25
2.5,3000,2e-05,"seasonal",10,4.86575342465753
2.5,3000,2e-05,"seasonal",20,1.62739726027397
2.5,3000,2e-05,"seasonal",30,0.104109589041096
2.5,3000,2e-05,"seasonal",40,0
2.5,3000,2e-05,"seasonal",50,0
2.5,3000,2e-05,"seasonal",60,0
2.5,3000,2e-05,"seasonal",70,0
2.5,3000,2e-05,"seasonal",80,0
2.5,3000,2e-05,"seasonal",90,0
2.5,3000,2e-05,"seasonal",100,0
2.5,3000,2e-05,"constant",0,107.966463414634
2.5,3000,2e-05,"constant",10,90.6767123287671
2.5,3000,2e-05,"constant",20,81.345205479452
2.5,3000,2e-05,"constant",30,82.4356164383562
2.5,3000,2e-05,"constant",40,76.0356164383562
2.5,3000,2e-05,"constant",50,80.1945205479452
2.5,3000,2e-05,"constant",60,86.2328767123288
2.5,3000,2e-05,"constant",70,86.2712328767123
2.5,3000,2e-05,"constant",80,80.3315068493151
2.5,3000,2e-05,"constant",90,76.4684931506849
2.5,3000,2e-05,"constant",100,74
2.5,3000,5e-05,"seasonal",0,34.2621951219512
2.5,3000,5e-05,"seasonal",10,33.6164383561644
2.5,3000,5e-05,"seasonal",20,30.3561643835616
2.5,3000,5e-05,"seasonal",30,8.98904109589041
2.5,3000,5e-05,"seasonal",40,0.449315068493151
2.5,3000,5e-05,"seasonal",50,0
2.5,3000,5e-05,"seasonal",60,0
2.5,3000,5e-05,"seasonal",70,0
2.5,3000,5e-05,"seasonal",80,0
2.5,3000,5e-05,"seasonal",90,0
2.5,3000,5e-05,"seasonal",100,0
2.5,3000,5e-05,"constant",0,146.140243902439
2.5,3000,5e-05,"constant",10,160.18904109589
2.5,3000,5e-05,"constant",20,164.950684931507
2.5,3000,5e-05,"constant",30,169.460273972603
2.5,3000,5e-05,"constant",40,165.416438356164
2.5,3000,5e-05,"constant",50,158.419178082192
2.5,3000,5e-05,"constant",60,158.8
2.5,3000,5e-05,"constant",70,157.953424657534
2.5,3000,5e-05,"constant",80,163.12602739726
2.5,3000,5e-05,"constant",90,161.084931506849
2.5,3000,5e-05,"constant",100,164
2.5,3000,1e-04,"seasonal",0,69.0487804878049
2.5,3000,1e-04,"seasonal",10,93.6602739726027
2.5,3000,1e-04,"seasonal",20,113.386301369863
2.5,3000,1e-04,"seasonal",30,106.035616438356
2.5,3000,1e-04,"seasonal",40,112.756164383562
2.5,3000,1e-04,"seasonal",50,112.424657534247
2.5,3000,1e-04,"seasonal",60,110.482191780822
2.5,3000,1e-04,"seasonal",70,106.676712328767
2.5,3000,1e-04,"seasonal",80,108.758904109589
2.5,3000,1e-04,"seasonal",90,125.213698630137
2.5,3000,1e-04,"seasonal",100,134
2.5,3000,1e-04,"constant",0,163.628048780488
2.5,3000,1e-04,"constant",10,185.230136986301
2.5,3000,1e-04,"constant",20,191.230136986301
2.5,3000,1e-04,"constant",30,186.46301369863
2.5,3000,1e-04,"constant",40,182.419178082192
2.5,3000,1e-04,"constant",50,187.013698630137
2.5,3000,1e-04,"constant",60,181.682191780822
2.5,3000,1e-04,"constant",70,187.216438356164
2.5,3000,1e-04,"constant",80,187.994520547945
2.5,3000,1e-04,"constant",90,186.517808219178
2.5,3000,1e-04,"constant",100,182
2.5,10000,2e-05,"seasonal",0,126.896341463415
2.5,10000,2e-05,"seasonal",10,188.523287671233
2.5,10000,2e-05,"seasonal",20,198.764383561644
2.5,10000,2e-05,"seasonal",30,199.975342465753
2.5,10000,2e-05,"seasonal",40,200
2.5,10000,2e-05,"seasonal",50,200
2.5,10000,2e-05,"seasonal",60,199.558904109589
2.5,10000,2e-05,"seasonal",70,199.654794520548
2.5,10000,2e-05,"seasonal",80,200
2.5,10000,2e-05,"seasonal",90,199.920547945205
2.5,10000,2e-05,"seasonal",100,200
2.5,10000,2e-05,"constant",0,191.951219512195
2.5,10000,2e-05,"constant",10,200
2.5,10000,2e-05,"constant",20,200
2.5,10000,2e-05,"constant",30,200
2.5,10000,2e-05,"constant",40,200
2.5,10000,2e-05,"constant",50,200
2.5,10000,2e-05,"constant",60,200
2.5,10000,2e-05,"constant",70,200
2.5,10000,2e-05,"constant",80,200
2.5,10000,2e-05,"constant",90,200
2.5,10000,2e-05,"constant",100,200
2.5,10000,5e-05,"seasonal",0,168.55487804878
2.5,10000,5e-05,"seasonal",10,199.753424657534
2.5,10000,5e-05,"seasonal",20,199.956164383562
2.5,10000,5e-05,"seasonal",30,200
2.5,10000,5e-05,"seasonal",40,200
2.5,10000,5e-05,"seasonal",50,200
2.5,10000,5e-05,"seasonal",60,200
2.5,10000,5e-05,"seasonal",70,200
2.5,10000,5e-05,"seasonal",80,199.827397260274
2.5,10000,5e-05,"seasonal",90,199.967123287671
2.5,10000,5e-05,"seasonal",100,200
2.5,10000,5e-05,"constant",0,198.103658536585
2.5,10000,5e-05,"constant",10,200
2.5,10000,5e-05,"constant",20,200
2.5,10000,5e-05,"constant",30,200
2.5,10000,5e-05,"constant",40,200
2.5,10000,5e-05,"constant",50,200
2.5,10000,5e-05,"constant",60,200
2.5,10000,5e-05,"constant",70,200
2.5,10000,5e-05,"constant",80,200
2.5,10000,5e-05,"constant",90,200
2.5,10000,5e-05,"constant",100,200
2.5,10000,1e-04,"seasonal",0,189.615853658537
2.5,10000,1e-04,"seasonal",10,200
2.5,10000,1e-04,"seasonal",20,199.93698630137
2.5,10000,1e-04,"seasonal",30,199.939726027397
2.5,10000,1e-04,"seasonal",40,200
2.5,10000,1e-04,"seasonal",50,199.967123287671
2.5,10000,1e-04,"seasonal",60,199.887671232877
2.5,10000,1e-04,"seasonal",70,200
2.5,10000,1e-04,"seasonal",80,200
2.5,10000,1e-04,"seasonal",90,200
2.5,10000,1e-04,"seasonal",100,200
2.5,10000,1e-04,"constant",0,199.884146341463
2.5,10000,1e-04,"constant",10,200
2.5,10000,1e-04,"constant",20,200
2.5,10000,1e-04,"constant",30,200
2.5,10000,1e-04,"constant",40,200
2.5,10000,1e-04,"constant",50,200
2.5,10000,1e-04,"constant",60,200
2.5,10000,1e-04,"constant",70,200
2.5,10000,1e-04,"constant",80,200
2.5,10000,1e-04,"constant",90,200
2.5,10000,1e-04,"constant",100,200
2.5,30000,2e-05,"seasonal",0,188.878048780488
2.5,30000,2e-05,"seasonal",10,200
2.5,30000,2e-05,"seasonal",20,200
2.5,30000,2e-05,"seasonal",30,200
2.5,30000,2e-05,"seasonal",40,200
2.5,30000,2e-05,"seasonal",50,200
2.5,30000,2e-05,"seasonal",60,200
2.5,30000,2e-05,"seasonal",70,200
2.5,30000,2e-05,"seasonal",80,200
2.5,30000,2e-05,"seasonal",90,200
2.5,30000,2e-05,"seasonal",100,200
2.5,30000,2e-05,"constant",0,199.893292682927
2.5,30000,2e-05,"constant",10,200
2.5,30000,2e-05,"constant",20,200
2.5,30000,2e-05,"constant",30,200
2.5,30000,2e-05,"constant",40,200
2.5,30000,2e-05,"constant",50,200
2.5,30000,2e-05,"constant",60,200
2.5,30000,2e-05,"constant",70,200
2.5,30000,2e-05,"constant",80,200
2.5,30000,2e-05,"constant",90,200
2.5,30000,2e-05,"constant",100,200
2.5,30000,5e-05,"seasonal",0,198.801829268293
2.5,30000,5e-05,"seasonal",10,200
2.5,30000,5e-05,"seasonal",20,200
2.5,30000,5e-05,"seasonal",30,200
2.5,30000,5e-05,"seasonal",40,200
2.5,30000,5e-05,"seasonal",50,200
2.5,30000,5e-05,"seasonal",60,200
2.5,30000,5e-05,"seasonal",70,200
2.5,30000,5e-05,"seasonal",80,200
2.5,30000,5e-05,"seasonal",90,200
2.5,30000,5e-05,"seasonal",100,200
2.5,30000,5e-05,"constant",0,200
2.5,30000,5e-05,"constant",10,200
2.5,30000,5e-05,"constant",20,200
2.5,30000,5e-05,"constant",30,200
2.5,30000,5e-05,"constant",40,200
2.5,30000,5e-05,"constant",50,200
2.5,30000,5e-05,"constant",60,200
2.5,30000,5e-05,"constant",70,200
2.5,30000,5e-05,"constant",80,200
2.5,30000,5e-05,"constant",90,200
2.5,30000,5e-05,"constant",100,200
2.5,30000,1e-04,"seasonal",0,199.676829268293
2.5,30000,1e-04,"seasonal",10,200
2.5,30000,1e-04,"seasonal",20,200
2.5,30000,1e-04,"seasonal",30,200
2.5,30000,1e-04,"seasonal",40,200
2.5,30000,1e-04,"seasonal",50,200
2.5,30000,1e-04,"seasonal",60,200
2.5,30000,1e-04,"seasonal",70,200
2.5,30000,1e-04,"seasonal",80,200
2.5,30000,1e-04,"seasonal",90,200
2.5,30000,1e-04,"seasonal",100,200
2.5,30000,1e-04,"constant",0,200
2.5,30000,1e-04,"constant",10,200
2.5,30000,1e-04,"constant",20,200
2.5,30000,1e-04,"constant",30,200
2.5,30000,1e-04,"constant",40,200
2.5,30000,1e-04,"constant",50,200
2.5,30000,1e-04,"constant",60,200
2.5,30000,1e-04,"constant",70,200
2.5,30000,1e-04,"constant",80,200
2.5,30000,1e-04,"constant",90,200
2.5,30000,1e-04,"constant",100,200
3,3000,2e-05,"seasonal",0,4.84756097560976
3,3000,2e-05,"seasonal",10,0
3,3000,2e-05,"seasonal",20,0
3,3000,2e-05,"seasonal",30,0
3,3000,2e-05,"seasonal",40,0
3,3000,2e-05,"seasonal",50,0
3,3000,2e-05,"seasonal",60,0
3,3000,2e-05,"seasonal",70,0
3,3000,2e-05,"seasonal",80,0
3,3000,2e-05,"seasonal",90,0
3,3000,2e-05,"seasonal",100,0
3,3000,2e-05,"constant",0,51.2835365853659
3,3000,2e-05,"constant",10,18.4493150684931
3,3000,2e-05,"constant",20,7.8027397260274
3,3000,2e-05,"constant",30,2.42465753424658
3,3000,2e-05,"constant",40,0
3,3000,2e-05,"constant",50,0
3,3000,2e-05,"constant",60,0
3,3000,2e-05,"constant",70,0
3,3000,2e-05,"constant",80,0
3,3000,2e-05,"constant",90,0
3,3000,2e-05,"constant",100,0
3,3000,5e-05,"seasonal",0,11.0792682926829
3,3000,5e-05,"seasonal",10,1.22465753424658
3,3000,5e-05,"seasonal",20,0
3,3000,5e-05,"seasonal",30,0
3,3000,5e-05,"seasonal",40,0
3,3000,5e-05,"seasonal",50,0
3,3000,5e-05,"seasonal",60,0
3,3000,5e-05,"seasonal",70,0
3,3000,5e-05,"seasonal",80,0
3,3000,5e-05,"seasonal",90,0
3,3000,5e-05,"seasonal",100,0
3,3000,5e-05,"constant",0,76.5274390243902
3,3000,5e-05,"constant",10,53.586301369863
3,3000,5e-05,"constant",20,31.7150684931507
3,3000,5e-05,"constant",30,16.4164383561644
3,3000,5e-05,"constant",40,6.19452054794521
3,3000,5e-05,"constant",50,0.986301369863014
3,3000,5e-05,"constant",60,0
3,3000,5e-05,"constant",70,0
3,3000,5e-05,"constant",80,0
3,3000,5e-05,"constant",90,0
3,3000,5e-05,"constant",100,0
3,3000,1e-04,"seasonal",0,54.8993902439024
3,3000,1e-04,"seasonal",10,66.041095890411
3,3000,1e-04,"seasonal",20,57.7013698630137
3,3000,1e-04,"seasonal",30,57.172602739726
3,3000,1e-04,"seasonal",40,43.2712328767123
3,3000,1e-04,"seasonal",50,51.6547945205479
3,3000,1e-04,"seasonal",60,53.0356164383562
3,3000,1e-04,"seasonal",70,50.6164383561644
3,3000,1e-04,"seasonal",80,63.0383561643836
3,3000,1e-04,"seasonal",90,63.4465753424658
3,3000,1e-04,"seasonal",100,79
3,3000,1e-04,"constant",0,100.088414634146
3,3000,1e-04,"constant",10,114.624657534247
3,3000,1e-04,"constant",20,116.306849315068
3,3000,1e-04,"constant",30,124.334246575342
3,3000,1e-04,"constant",40,115.81095890411
3,3000,1e-04,"constant",50,111.290410958904
3,3000,1e-04,"constant",60,125.879452054795
3,3000,1e-04,"constant",70,123.501369863014
3,3000,1e-04,"constant",80,118.854794520548
3,3000,1e-04,"constant",90,117.12602739726
3,3000,1e-04,"constant",100,115
3,10000,2e-05,"seasonal",0,90.9573170731707
3,10000,2e-05,"seasonal",10,165.123287671233
3,10000,2e-05,"seasonal",20,193.591780821918
3,10000,2e-05,"seasonal",30,198.356164383562
3,10000,2e-05,"seasonal",40,197.380821917808
3,10000,2e-05,"seasonal",50,197.969863013699
3,10000,2e-05,"seasonal",60,198.805479452055
3,10000,2e-05,"seasonal",70,198.898630136986
3,10000,2e-05,"seasonal",80,198.432876712329
3,10000,2e-05,"seasonal",90,198.994520547945
3,10000,2e-05,"seasonal",100,199
3,10000,2e-05,"constant",0,147.978658536585
3,10000,2e-05,"constant",10,182.093150684932
3,10000,2e-05,"constant",20,195.868493150685
3,10000,2e-05,"constant",30,199.939726027397
3,10000,2e-05,"constant",40,200
3,10000,2e-05,"constant",50,200
3,10000,2e-05,"constant",60,200
3,10000,2e-05,"constant",70,200
3,10000,2e-05,"constant",80,200
3,10000,2e-05,"constant",90,200
3,10000,2e-05,"constant",100,200
3,10000,5e-05,"seasonal",0,152.435975609756
3,10000,5e-05,"seasonal",10,198.21095890411
3,10000,5e-05,"seasonal",20,199.575342465753
3,10000,5e-05,"seasonal",30,199.78904109589
3,10000,5e-05,"seasonal",40,199.120547945205
3,10000,5e-05,"seasonal",50,199.852054794521
3,10000,5e-05,"seasonal",60,200
3,10000,5e-05,"seasonal",70,199.860273972603
3,10000,5e-05,"seasonal",80,199.67397260274
3,10000,5e-05,"seasonal",90,199.769863013699
3,10000,5e-05,"seasonal",100,200
3,10000,5e-05,"constant",0,186.289634146341
3,10000,5e-05,"constant",10,199.827397260274
3,10000,5e-05,"constant",20,200
3,10000,5e-05,"constant",30,200
3,10000,5e-05,"constant",40,200
3,10000,5e-05,"constant",50,200
3,10000,5e-05,"constant",60,200
3,10000,5e-05,"constant",70,200
3,10000,5e-05,"constant",80,200
3,10000,5e-05,"constant",90,200
3,10000,5e-05,"constant",100,200
3,10000,1e-04,"seasonal",0,186.771341463415
3,10000,1e-04,"seasonal",10,199.961643835616
3,10000,1e-04,"seasonal",20,199.813698630137
3,10000,1e-04,"seasonal",30,199.909589041096
3,10000,1e-04,"seasonal",40,199.758904109589
3,10000,1e-04,"seasonal",50,199.641095890411
3,10000,1e-04,"seasonal",60,199.712328767123
3,10000,1e-04,"seasonal",70,199.778082191781
3,10000,1e-04,"seasonal",80,199.947945205479
3,10000,1e-04,"seasonal",90,199.947945205479
3,10000,1e-04,"seasonal",100,200
3,10000,1e-04,"constant",0,197.417682926829
3,10000,1e-04,"constant",10,200
3,10000,1e-04,"constant",20,200
3,10000,1e-04,"constant",30,200
3,10000,1e-04,"constant",40,200
3,10000,1e-04,"constant",50,200
3,10000,1e-04,"constant",60,200
3,10000,1e-04,"constant",70,200
3,10000,1e-04,"constant",80,200
3,10000,1e-04,"constant",90,200
3,10000,1e-04,"constant",100,200
3,30000,2e-05,"seasonal",0,173.524390243902
3,30000,2e-05,"seasonal",10,200
3,30000,2e-05,"seasonal",20,200
3,30000,2e-05,"seasonal",30,200
3,30000,2e-05,"seasonal",40,200
3,30000,2e-05,"seasonal",50,200
3,30000,2e-05,"seasonal",60,200
3,30000,2e-05,"seasonal",70,200
3,30000,2e-05,"seasonal",80,200
3,30000,2e-05,"seasonal",90,200
3,30000,2e-05,"seasonal",100,200
3,30000,2e-05,"constant",0,198.094512195122
3,30000,2e-05,"constant",10,200
3,30000,2e-05,"constant",20,200
3,30000,2e-05,"constant",30,200
3,30000,2e-05,"constant",40,200
3,30000,2e-05,"constant",50,200
3,30000,2e-05,"constant",60,200
3,30000,2e-05,"constant",70,200
3,30000,2e-05,"constant",80,200
3,30000,2e-05,"constant",90,200
3,30000,2e-05,"constant",100,200
3,30000,5e-05,"seasonal",0,196.609756097561
3,30000,5e-05,"seasonal",10,200
3,30000,5e-05,"seasonal",20,200
3,30000,5e-05,"seasonal",30,200
3,30000,5e-05,"seasonal",40,200
3,30000,5e-05,"seasonal",50,200
3,30000,5e-05,"seasonal",60,200
3,30000,5e-05,"seasonal",70,200
3,30000,5e-05,"seasonal",80,200
3,30000,5e-05,"seasonal",90,200
3,30000,5e-05,"seasonal",100,200
3,30000,5e-05,"constant",0,199.780487804878
3,30000,5e-05,"constant",10,200
3,30000,5e-05,"constant",20,200
3,30000,5e-05,"constant",30,200
3,30000,5e-05,"constant",40,200
3,30000,5e-05,"constant",50,200
3,30000,5e-05,"constant",60,200
3,30000,5e-05,"constant",70,200
3,30000,5e-05,"constant",80,200
3,30000,5e-05,"constant",90,200
3,30000,5e-05,"constant",100,200
3,30000,1e-04,"seasonal",0,199.106707317073
3,30000,1e-04,"seasonal",10,200
3,30000,1e-04,"seasonal",20,200
3,30000,1e-04,"seasonal",30,200
3,30000,1e-04,"seasonal",40,200
3,30000,1e-04,"seasonal",50,200
3,30000,1e-04,"seasonal",60,200
3,30000,1e-04,"seasonal",70,200
3,30000,1e-04,"seasonal",80,200
3,30000,1e-04,"seasonal",90,200
3,30000,1e-04,"seasonal",100,200
3,30000,1e-04,"constant",0,199.996951219512
3,30000,1e-04,"constant",10,200
3,30000,1e-04,"constant",20,200
3,30000,1e-04,"constant",30,200
3,30000,1e-04,"constant",40,200
3,30000,1e-04,"constant",50,200
3,30000,1e-04,"constant",60,200
3,30000,1e-04,"constant",70,200
3,30000,1e-04,"constant",80,200
3,30000,1e-04,"constant",90,200
3,30000,1e-04,"constant",100,200
