"R0","K","alpha","scenario","median","lwr","upr"
2,3000,2e-05,"seasonal",0,0,0
2,3000,2e-05,"constant",193,187,197
2,3000,5e-05,"seasonal",0,0,0
2,3000,5e-05,"constant",197,194,200
2,3000,1e-04,"seasonal",66,34,113
2,3000,1e-04,"constant",199,197,200
2,10000,2e-05,"seasonal",197,193,200
2,10000,2e-05,"constant",200,200,200
2,10000,5e-05,"seasonal",199,196,200
2,10000,5e-05,"constant",200,200,200
2,10000,1e-04,"seasonal",200,198,200
2,10000,1e-04,"constant",200,200,200
2,30000,2e-05,"seasonal",200,200,200
2,30000,2e-05,"constant",200,200,200
2,30000,5e-05,"seasonal",200,200,200
2,30000,5e-05,"constant",200,200,200
2,30000,1e-04,"seasonal",200,200,200
2,30000,1e-04,"constant",200,200,200
2.5,3000,2e-05,"seasonal",0,0,0
2.5,3000,2e-05,"constant",82,73,92
2.5,3000,5e-05,"seasonal",0,0,0
2.5,3000,5e-05,"constant",160,152,168
2.5,3000,1e-04,"seasonal",110,82,155
2.5,3000,1e-04,"constant",186,179,193
2.5,10000,2e-05,"seasonal",200,199,200
2.5,10000,2e-05,"constant",200,200,200
2.5,10000,5e-05,"seasonal",200,199,200
2.5,10000,5e-05,"constant",200,200,200
2.5,10000,1e-04,"seasonal",200,199,200
2.5,10000,1e-04,"constant",200,200,200
2.5,30000,2e-05,"seasonal",200,200,200
2.5,30000,2e-05,"constant",200,200,200
2.5,30000,5e-05,"seasonal",200,200,200
2.5,30000,5e-05,"constant",200,200,200
2.5,30000,1e-04,"seasonal",200,200,200
2.5,30000,1e-04,"constant",200,200,200
3,3000,2e-05,"seasonal",0,0,0
3,3000,2e-05,"constant",0,0,0
3,3000,5e-05,"seasonal",0,0,0
3,3000,5e-05,"constant",0,0,2
3,3000,1e-04,"seasonal",52,25,101
3,3000,1e-04,"constant",120,104,134
3,10000,2e-05,"seasonal",199,196,200
3,10000,2e-05,"constant",200,200,200
3,10000,5e-05,"seasonal",200,199,200
3,10000,5e-05,"constant",200,200,200
3,10000,1e-04,"seasonal",200,199,200
3,10000,1e-04,"constant",200,200,200
3,30000,2e-05,"seasonal",200,200,200
3,30000,2e-05,"constant",200,200,200
3,30000,5e-05,"seasonal",200,200,200
3,30000,5e-05,"constant",200,200,200
3,30000,1e-04,"seasonal",200,200,200
3,30000,1e-04,"constant",200,200,200
