"R0","K","alpha","scenario","seasonal_amp","globally_persistent","extinction_year","min_occupied_patches","mean_occupied_patches","max_occupied_patches","mean_patch_population"
2,3000,2e-05,"seasonal",0.4,FALSE,13.5068493150685,0,0.647482014388489,20,2994.84972744881
2,3000,2e-05,"constant",0,TRUE,NA,167,191.279192030991,199,1551.53218456004
2,3000,5e-05,"seasonal",0.4,FALSE,19.4520547945205,0,2.56115107913669,40,2975.66005118982
2,3000,5e-05,"constant",0,TRUE,NA,172,197.028223574986,200,1508.35099335916
2,3000,1e-04,"seasonal",0.4,TRUE,NA,15,66.1012728278915,134,2311.34744050913
2,3000,1e-04,"constant",0,TRUE,NA,180,198.692030990592,200,1495.66066270061
2,10000,2e-05,"seasonal",0.4,TRUE,NA,56,191.288599889319,200,5537.55049529607
2,10000,2e-05,"constant",0,TRUE,NA,197,199.968179302712,200,4918.74947011621
2,10000,5e-05,"seasonal",0.4,TRUE,NA,82,196.911178749308,200,5415.38034034311
2,10000,5e-05,"constant",0,TRUE,NA,200,200,200,4917.31983259546
2,10000,1e-04,"seasonal",0.4,TRUE,NA,115,198.881294964029,200,5385.04050359712
2,10000,1e-04,"constant",0,TRUE,NA,200,200,200,4915.64788461539
2,30000,2e-05,"seasonal",0.4,TRUE,NA,124,199.214443829552,200,16082.9070282236
2,30000,2e-05,"constant",0,TRUE,NA,200,200,200,14726.5766436082
2,30000,5e-05,"seasonal",0.4,TRUE,NA,175,199.858052019923,200,16055.0687354732
2,30000,5e-05,"constant",0,TRUE,NA,200,200,200,14724.2428541782
2,30000,1e-04,"seasonal",0.4,TRUE,NA,195,199.981184283343,200,16047.4149695628
2,30000,1e-04,"constant",0,TRUE,NA,200,200,200,14721.272573326
2.5,3000,2e-05,"seasonal",0.4,FALSE,30.4383561643836,0,1.77808522412839,22,2981.59333978971
2.5,3000,2e-05,"constant",0,TRUE,NA,69,84.5556170448257,118,2194.28269230769
2.5,3000,5e-05,"seasonal",0.4,FALSE,43.4246575342466,0,10.5237963475374,57,2868.6074197565
2.5,3000,5e-05,"constant",0,TRUE,NA,125,160.702545655783,181,1500.58247371334
2.5,3000,1e-04,"seasonal",0.4,TRUE,NA,31,106.22883231876,168,1813.30060597676
2.5,3000,1e-04,"constant",0,TRUE,NA,128,184.146928610957,198,1309.95269507471
2.5,10000,2e-05,"seasonal",0.4,TRUE,NA,55,191.991422246818,200,4530.9323381295
2.5,10000,2e-05,"constant",0,TRUE,NA,168,199.269507470946,200,4005.93165882678
2.5,10000,5e-05,"seasonal",0.4,TRUE,NA,72,197.096015495296,200,4396.42724820144
2.5,10000,5e-05,"constant",0,TRUE,NA,183,199.827891532928,200,3990.20264665191
2.5,10000,1e-04,"seasonal",0.4,TRUE,NA,97,199.030437188711,200,4365.64469977864
2.5,10000,1e-04,"constant",0,TRUE,NA,197,199.989485334809,200,3985.3881931378
2.5,30000,2e-05,"seasonal",0.4,TRUE,NA,103,198.990592141671,200,13060.209997233
2.5,30000,2e-05,"constant",0,TRUE,NA,197,199.990315439956,200,11934.6166270061
2.5,30000,5e-05,"seasonal",0.4,TRUE,NA,165,199.891256225789,200,13023.554926674
2.5,30000,5e-05,"constant",0,TRUE,NA,200,200,200,11932.5082941339
2.5,30000,1e-04,"seasonal",0.4,TRUE,NA,190,199.970669618152,200,13017.8161220255
2.5,30000,1e-04,"constant",0,TRUE,NA,200,200,200,11929.2142017156
3,3000,2e-05,"seasonal",0.4,FALSE,9.58904109589041,0,0.439955727725512,13,2994.42046209186
3,3000,2e-05,"constant",0,FALSE,37.3698630136986,0,7.55063641394577,77,2913.11510376314
3,3000,5e-05,"seasonal",0.4,FALSE,13.2328767123288,0,1.12921970116215,26,2981.01296209187
3,3000,5e-05,"constant",0,FALSE,56.5753424657534,0,17.9438295517432,103,2759.1398229109
3,3000,1e-04,"seasonal",0.4,TRUE,NA,10,56.1062534587714,125,1966.36432761483
3,3000,1e-04,"constant",0,TRUE,NA,83,116.95213060321,149,1564.77618705036
3,10000,2e-05,"seasonal",0.4,TRUE,NA,34,184.806308799115,200,4023.9531613171
3,10000,2e-05,"constant",0,TRUE,NA,122,193.046762589928,200,3528.07503458771
3,10000,5e-05,"seasonal",0.4,TRUE,NA,39,195.264250138351,200,3740.19891671278
3,10000,5e-05,"constant",0,TRUE,NA,146,198.738240177089,200,3377.61357083564
3,10000,1e-04,"seasonal",0.4,TRUE,NA,84,198.644991698949,200,3686.71986579967
3,10000,1e-04,"constant",0,TRUE,NA,170,199.765633646929,200,3355.59777255119
3,30000,2e-05,"seasonal",0.4,TRUE,NA,60,197.597122302158,200,11068.8555381848
3,30000,2e-05,"constant",0,TRUE,NA,184,199.827061427781,200,10042.0851037631
3,30000,5e-05,"seasonal",0.4,TRUE,NA,132,199.692307692308,200,10986.8142473713
3,30000,5e-05,"constant",0,TRUE,NA,194,199.98007747648,200,10031.1925581074
3,30000,1e-04,"seasonal",0.4,TRUE,NA,171,199.918926397344,200,10977.1287244051
3,30000,1e-04,"constant",0,TRUE,NA,199,199.999723298284,200,10027.3262216381
