"step","occupied_patches","global_I","local_extinctions","recolonizations"
0,200,27514,0,0
0.1,200,29592,0,0
0.2,200,31756,0,0
0.3,200,34165,0,0
0.4,200,36849,0,0
0.5,200,39733,0,0
0.6,200,43015,0,0
0.7,200,46795,0,0
0.8,200,51012,0,0
0.9,200,55594,0,0
1,200,60979,0,0
1.1,200,66525,0,0
1.2,200,73002,0,0
1.3,200,80155,0,0
1.4,200,88321,0,0
1.5,200,96944,0,0
1.6,200,106238,0,0
1.7,200,116726,0,0
1.8,200,127919,0,0
1.9,200,140160,0,0
2,200,153275,0,0
2.1,200,167354,0,0
2.2,200,182203,0,0
2.3,200,197717,0,0
2.4,200,213491,0,0
2.5,200,229813,0,0
2.6,200,246291,0,0
2.7,200,262310,0,0
2.8,200,278390,0,0
2.9,200,293622,0,0
3,200,307680,0,0
3.1,200,320571,0,0
3.2,200,331938,0,0
3.3,200,341403,0,0
3.4,200,348560,0,0
3.5,200,354151,0,0
3.6,200,357572,0,0
3.7,200,359078,0,0
3.8,200,358578,0,0
3.9,200,356147,0,0
4,200,352502,0,0
4.1,200,347171,0,0
4.2,200,340559,0,0
4.3,200,332709,0,0
4.4,200,324515,0,0
4.5,200,314838,0,0
4.6,200,304484,0,0
4.7,200,294156,0,0
4.8,200,283452,0,0
4.9,200,272587,0,0
5,200,261532,0,0
5.1,200,250433,0,0
5.2,200,239486,0,0
5.3,200,229010,0,0
5.4,200,218517,0,0
5.5,200,208385,0,0
5.6,200,198687,0,0
5.7,200,189504,0,0
5.8,200,180476,0,0
5.9,200,171653,0,0
6,200,163072,0,0
6.1,200,155344,0,0
6.2,200,147832,0,0
6.3,200,140857,0,0
6.4,200,134047,0,0
6.5,200,127643,0,0
6.6,200,121514,0,0
6.7,200,115553,0,0
6.8,200,109773,0,0
6.9,200,104503,0,0
7,200,99433,0,0
7.1,200,94455,0,0
7.2,200,89869,0,0
7.3,200,85480,0,0
7.4,200,81593,0,0
7.5,200,77642,0,0
7.6,200,74024,0,0
7.7,200,70769,0,0
7.8,200,67515,0,0
7.9,200,64381,0,0
8,200,61422,0,0
8.1,200,58601,0,0
8.2,200,56076,0,0
8.3,200,53538,0,0
8.4,200,51218,0,0
8.5,200,48998,0,0
8.6,200,46986,0,0
8.7,200,44988,0,0
8.8,200,43010,0,0
8.9,200,41302,0,0
9,200,39639,0,0
9.1,200,38057,0,0
9.2,200,36573,0,0
9.3,200,35140,0,0
9.4,200,33983,0,0
9.5,200,32777,0,0
9.6,200,31539,0,0
9.7,200,30459,0,0
9.8,200,29348,0,0
9.9,200,28343,0,0
10,200,27423,0,0
10.1,200,26488,0,0
10.2,200,25540,0,0
10.3,200,24573,0,0
10.4,200,23788,0,0
10.5,200,23172,0,0
10.6,200,22388,0,0
10.7,200,21729,0,0
10.8,200,21089,0,0
10.9,200,20512,0,0
11,200,19872,0,0
11.1,200,19304,0,0
11.2,200,18761,0,0
11.3,200,18267,0,0
11.4,200,17871,0,0
11.5,200,17262,0,0
11.6,200,16874,0,0
11.7,200,16421,0,0
11.8,200,16032,0,0
11.9,200,15644,0,0
12,200,15164,0,0
12.1,200,14728,0,0
12.2,200,14393,0,0
12.3,200,14110,0,0
12.4,200,13708,0,0
12.5,200,13418,0,0
12.6,200,13118,0,0
12.7,200,12940,0,0
12.8,200,12739,0,0
12.9,200,12449,0,0
13,200,12212,0,0
13.1,200,12002,0,0
13.2,200,11827,0,0
13.3,200,11652,0,0
13.4,200,11484,0,0
13.5,200,11349,0,0
13.6,200,11149,0,0
13.7,200,10974,0,0
13.8,200,10812,0,0
13.9,200,10650,0,0
14,200,10461,0,0
14.1,200,10339,0,0
14.2,199,10210,1,0
14.3,198,10097,1,0
14.4,197,9975,1,0
14.5,195,9875,2,0
14.6,195,9769,0,0
14.7,194,9711,1,0
14.8,192,9626,2,0
14.9,189,9543,3,0
15,188,9413,1,0
15.1,187,9297,1,0
15.2,185,9223,2,0
15.3,184,9229,1,0
15.4,182,9189,2,0
15.5,180,9155,2,0
15.6,179,9038,1,0
15.7,177,8938,2,0
15.8,177,8864,0,0
15.9,175,8803,2,0
16,172,8743,3,0
16.1,172,8693,0,0
16.2,170,8704,2,0
16.3,169,8701,1,0
16.4,169,8702,0,0
16.5,168,8652,1,0
16.6,166,8601,2,0
16.7,166,8550,0,0
16.8,165,8570,1,0
16.9,165,8610,0,0
17,162,8705,3,0
17.1,160,8673,2,0
17.2,160,8633,0,0
17.3,160,8642,0,0
17.4,160,8746,0,0
17.5,157,8794,3,0
17.6,157,8845,0,0
17.7,156,8884,1,0
17.8,155,8912,1,0
17.9,155,8947,0,0
18,155,8924,0,0
18.1,155,8943,0,0
18.2,154,8991,1,0
18.3,152,9070,2,0
18.4,152,9095,0,0
18.5,151,9136,1,0
18.6,150,9222,1,0
18.7,146,9329,4,0
18.8,144,9390,2,0
18.9,144,9469,0,0
19,143,9546,1,0
19.1,141,9659,2,0
19.2,140,9749,1,0
19.3,139,9825,1,0
19.4,138,9940,1,0
19.5,136,10032,2,0
19.6,135,10072,1,0
19.7,135,10209,0,0
19.8,135,10294,0,0
19.9,134,10468,1,0
20,134,10645,0,0
20.1,133,10796,1,0
20.2,131,10971,2,0
20.3,130,11044,1,0
20.4,130,11181,0,0
20.5,130,11353,0,0
20.6,130,11512,0,0
20.7,131,11687,0,1
20.8,131,11818,0,0
20.9,129,11975,2,0
21,129,12196,0,0
21.1,129,12453,0,0
21.2,129,12627,0,0
21.3,128,12873,1,0
21.4,128,13097,0,0
21.5,126,13298,2,0
21.6,127,13550,0,1
21.7,126,13782,1,0
21.8,126,14056,0,0
21.9,125,14346,1,0
22,125,14560,0,0
22.1,125,14816,0,0
22.2,124,15041,1,0
22.3,125,15294,0,1
22.4,126,15632,0,1
22.5,125,15982,1,0
22.6,124,16324,1,0
22.7,123,16595,1,0
22.8,123,16983,0,0
22.9,123,17318,0,0
23,120,17713,3,0
23.1,120,18153,0,0
23.2,117,18529,3,0
23.3,117,18940,0,0
23.4,117,19348,0,0
23.5,117,19659,0,0
23.6,117,20099,0,0
23.7,117,20454,0,0
23.8,117,20966,0,0
23.9,117,21526,0,0
24,117,21989,0,0
24.1,117,22521,0,0
24.2,117,22968,0,0
24.3,117,23404,0,0
24.4,117,23908,0,0
24.5,117,24436,0,0
24.6,117,25024,0,0
24.7,117,25512,0,0
24.8,116,26178,1,0
24.9,116,26858,0,0
25,117,27468,0,1
25.1,117,28102,0,0
25.2,117,28738,0,0
25.3,117,29424,0,0
25.4,117,30127,0,0
25.5,118,30904,0,1
25.6,118,31802,0,0
25.7,119,32612,0,1
25.8,118,33431,1,0
25.9,119,34297,0,1
26,119,35032,0,0
26.1,119,36048,0,0
26.2,119,36834,0,0
26.3,119,37688,0,0
26.4,119,38734,0,0
26.5,119,39658,0,0
26.6,119,40524,0,0
26.7,119,41551,0,0
26.8,119,42362,0,0
26.9,119,43172,0,0
27,118,43848,1,0
27.1,118,44707,0,0
27.2,118,45384,0,0
27.3,118,46159,0,0
27.4,118,46886,0,0
27.5,118,47756,0,0
27.6,118,48640,0,0
27.7,119,49402,0,1
27.8,120,50190,0,1
27.9,120,50831,0,0
28,120,51604,0,0
28.1,120,52465,0,0
28.2,119,53200,1,0
28.3,119,54030,0,0
28.4,119,54761,0,0
28.5,119,55634,0,0
28.6,119,56369,0,0
28.7,119,57085,0,0
28.8,120,57790,0,1
28.9,120,58389,0,0
29,121,58987,0,1
29.1,121,59476,0,0
29.2,121,60048,0,0
29.3,122,60616,0,1
29.4,121,61176,1,0
29.5,121,61592,0,0
29.6,122,61956,1,2
29.7,122,62342,0,0
29.8,122,62718,0,0
29.9,122,63188,0,0
30,122,63461,0,0
30.1,121,63659,1,0
30.2,121,63988,0,0
30.3,123,64334,0,2
30.4,123,64617,0,0
30.5,123,64768,0,0
30.6,123,64999,0,0
30.7,123,65160,0,0
30.8,122,65417,1,0
30.9,122,65453,1,1
31,121,65371,1,0
31.1,121,65406,0,0
31.2,121,65493,0,0
31.3,123,65488,0,2
31.4,123,65385,0,0
31.5,124,65382,1,2
31.6,123,65130,1,0
31.7,123,64730,0,0
31.8,123,64473,0,0
31.9,122,64035,1,0
32,122,63696,0,0
32.1,122,63265,0,0
32.2,122,62872,0,0
32.3,122,62415,0,0
32.4,122,62011,0,0
32.5,122,61467,0,0
32.6,123,60968,0,1
32.7,123,60638,0,0
32.8,123,60049,0,0
32.9,123,59542,0,0
33,123,58933,0,0
33.1,123,58400,0,0
33.2,123,57753,0,0
33.3,123,56978,0,0
33.4,123,56335,0,0
33.5,125,55935,0,2
33.6,125,55334,0,0
33.7,125,54560,0,0
33.8,125,53914,0,0
33.9,125,53223,0,0
34,125,52581,0,0
34.1,125,51990,0,0
34.2,125,51397,0,0
34.3,126,50810,0,1
34.4,125,50258,1,0
34.5,125,49463,0,0
34.6,125,48911,0,0
34.7,125,48261,0,0
34.8,126,47604,0,1
34.9,126,47033,0,0
35,126,46284,0,0
35.1,126,45541,0,0
35.2,126,44988,0,0
35.3,126,44332,0,0
35.4,126,43656,0,0
35.5,126,42962,0,0
35.6,126,42335,0,0
35.7,126,41598,0,0
35.8,126,40848,0,0
35.9,126,40137,0,0
36,126,39445,0,0
36.1,126,38704,0,0
36.2,126,38057,0,0
36.3,127,37485,0,1
36.4,127,36837,0,0
36.5,128,36015,0,1
36.6,128,35526,0,0
36.7,127,34925,1,0
36.8,127,34303,0,0
36.9,127,33855,0,0
37,127,33313,0,0
37.1,127,32904,0,0
37.2,127,32564,0,0
37.3,127,32168,0,0
37.4,127,31793,0,0
37.5,127,31552,0,0
37.6,127,31207,0,0
37.7,127,30705,0,0
37.8,128,30516,0,1
37.9,128,30306,0,0
38,128,30073,0,0
38.1,128,29741,0,0
38.2,128,29428,0,0
38.3,128,29189,0,0
38.4,128,29127,0,0
38.5,128,28983,0,0
38.6,128,28876,0,0
38.7,129,28768,0,1
38.8,129,28974,0,0
38.9,129,29032,0,0
39,129,29123,0,0
39.1,129,29212,0,0
39.2,129,29229,0,0
39.3,129,29190,0,0
39.4,129,29153,0,0
39.5,129,29278,0,0
39.6,129,29253,0,0
39.7,129,29442,0,0
39.8,129,29522,0,0
39.9,129,29645,0,0
40,129,29759,0,0
40.1,129,29882,0,0
40.2,129,29980,0,0
40.3,129,30127,0,0
40.4,130,30118,0,1
40.5,130,30167,0,0
40.6,130,30282,0,0
40.7,131,30391,0,1
40.8,131,30282,0,0
40.9,131,30364,0,0
41,131,30259,0,0
41.1,131,30383,0,0
41.2,131,30167,0,0
41.3,131,30025,0,0
41.4,131,29906,0,0
41.5,131,29783,0,0
41.6,131,29650,0,0
41.7,131,29444,0,0
41.8,132,29245,0,1
41.9,132,28964,0,0
42,132,28432,0,0
42.1,132,28180,0,0
42.2,132,27873,0,0
42.3,132,27613,0,0
42.4,132,27270,0,0
42.5,132,27076,0,0
42.6,132,26736,0,0
42.7,132,26529,0,0
42.8,132,26357,0,0
42.9,132,25992,0,0
43,132,25947,0,0
43.1,132,25885,0,0
43.2,133,25775,0,1
43.3,133,25806,0,0
43.4,133,25809,0,0
43.5,133,25883,0,0
43.6,133,25983,0,0
43.7,133,25886,0,0
43.8,134,25955,0,1
43.9,134,26012,0,0
44,134,26201,0,0
44.1,134,26304,0,0
44.2,135,26360,0,1
44.3,135,26429,0,0
44.4,135,26582,0,0
44.5,135,26864,0,0
44.6,135,26991,0,0
44.7,135,27169,0,0
44.8,135,27435,0,0
44.9,135,27774,0,0
45,135,28075,0,0
45.1,135,28266,0,0
45.2,135,28505,0,0
45.3,135,28815,0,0
45.4,135,29029,0,0
45.5,135,29310,0,0
45.6,135,29762,0,0
45.7,135,29878,0,0
45.8,135,30210,0,0
45.9,135,30685,0,0
46,135,31183,0,0
46.1,135,31521,0,0
46.2,135,31779,0,0
46.3,135,32215,0,0
46.4,136,32742,0,1
46.5,137,33020,0,1
46.6,137,33624,0,0
46.7,137,33993,0,0
46.8,137,34425,0,0
46.9,137,34974,0,0
47,137,35403,0,0
47.1,137,35777,0,0
47.2,137,36216,0,0
47.3,136,36630,1,0
47.4,136,37057,0,0
47.5,136,37276,0,0
47.6,136,37490,0,0
47.7,137,37907,0,1
47.8,137,38217,0,0
47.9,137,38656,0,0
48,137,38994,0,0
48.1,137,39289,0,0
48.2,138,39502,0,1
48.3,138,39842,0,0
48.4,138,40137,0,0
48.5,138,40391,0,0
48.6,138,40582,0,0
48.7,138,40947,0,0
48.8,138,41068,0,0
48.9,138,41465,0,0
49,138,41926,0,0
49.1,138,42275,0,0
49.2,138,42728,0,0
49.3,138,43079,0,0
49.4,138,43477,0,0
49.5,138,43836,0,0
49.6,138,44282,0,0
49.7,138,44624,0,0
49.8,138,45012,0,0
49.9,138,45440,0,0
50,138,45824,0,0
50.1,138,46092,0,0
50.2,138,46421,0,0
50.3,138,46775,0,0
50.4,138,47123,0,0
50.5,138,47284,0,0
50.6,139,47526,0,1
50.7,139,47802,0,0
50.8,139,48119,0,0
50.9,138,48415,1,0
51,138,48483,0,0
51.1,138,48710,0,0
51.2,140,48939,0,2
51.3,140,49194,0,0
51.4,140,49406,0,0
51.5,140,49472,1,1
51.6,140,49633,0,0
51.7,140,49817,0,0
51.8,140,50164,0,0
51.9,139,50411,1,0
52,139,50501,0,0
52.1,139,50718,0,0
52.2,140,50823,0,1
52.3,141,50755,0,1
52.4,140,50839,1,0
52.5,140,51121,0,0
52.6,140,51179,0,0
52.7,139,51293,1,0
52.8,139,51565,0,0
52.9,139,51789,0,0
53,139,51960,0,0
53.1,139,51930,0,0
53.2,139,52068,0,0
53.3,139,52075,0,0
53.4,139,52120,0,0
53.5,139,51953,0,0
53.6,139,51813,0,0
53.7,139,52049,0,0
53.8,139,52198,0,0
53.9,139,52380,0,0
54,139,52577,0,0
54.1,139,52849,0,0
54.2,139,52901,0,0
54.3,138,53307,1,0
54.4,138,53503,0,0
54.5,138,53699,0,0
54.6,138,53993,0,0
54.7,139,54330,0,1
54.8,139,54544,0,0
54.9,138,55096,1,0
55,138,55452,0,0
55.1,138,55770,0,0
55.2,137,56208,1,0
55.3,137,56555,0,0
55.4,137,56759,0,0
55.5,136,56906,1,0
55.6,136,57194,0,0
55.7,136,57445,0,0
55.8,138,57516,0,2
55.9,138,57761,0,0
56,138,57995,0,0
56.1,138,57929,0,0
56.2,137,57970,1,0
56.3,138,58004,0,1
56.4,138,58172,0,0
56.5,138,58114,0,0
56.6,138,57990,0,0
56.7,138,57866,0,0
56.8,138,57715,0,0
56.9,138,57753,0,0
57,137,57612,1,0
57.1,137,57314,0,0
57.2,137,57053,0,0
57.3,136,56728,1,0
57.4,136,56399,0,0
57.5,137,56061,0,1
57.6,138,55574,0,1
57.7,138,55056,0,0
57.8,140,54662,0,2
57.9,140,54311,0,0
58,140,53699,0,0
58.1,139,53371,1,0
58.2,139,52863,0,0
58.3,139,52330,0,0
58.4,139,51760,0,0
58.5,139,51210,0,0
58.6,139,50737,0,0
58.7,139,50101,0,0
58.8,139,49554,0,0
58.9,139,48888,0,0
59,139,48324,0,0
59.1,140,47792,0,1
59.2,140,47360,0,0
59.3,141,46975,0,1
59.4,141,46632,0,0
59.5,141,46300,0,0
59.6,141,46047,0,0
59.7,141,45736,0,0
59.8,141,45433,0,0
59.9,140,45339,1,0
60,140,45235,0,0
60.1,140,45268,0,0
60.2,140,45227,0,0
60.3,140,45171,0,0
60.4,140,45120,0,0
60.5,140,45159,0,0
60.6,140,45226,0,0
60.7,141,45118,0,1
60.8,142,45040,0,1
60.9,141,44842,1,0
61,141,44766,0,0
61.1,140,44700,1,0
61.2,141,44506,0,1
61.3,141,44295,0,0
61.4,140,44178,1,0
61.5,140,43925,0,0
61.6,140,43512,0,0
61.7,140,43260,0,0
61.8,139,43008,1,0
61.9,139,42697,0,0
62,139,42256,0,0
62.1,139,42013,0,0
62.2,137,41662,2,0
62.3,137,41369,0,0
62.4,137,41062,0,0
62.5,137,40550,0,0
62.6,137,40132,0,0
62.7,136,39733,1,0
62.8,136,39362,0,0
62.9,136,38995,0,0
63,136,38527,0,0
63.1,136,38140,0,0
63.2,136,37785,0,0
63.3,136,37407,0,0
63.4,136,37054,0,0
63.5,136,36635,0,0
63.6,136,36155,0,0
63.7,137,35865,0,1
63.8,137,35586,0,0
63.9,137,35175,0,0
64,137,34729,0,0
64.1,137,34478,0,0
64.2,137,34066,0,0
64.3,137,33632,0,0
64.4,137,33379,0,0
64.5,135,33083,2,0
64.6,135,32706,0,0
64.7,135,32363,0,0
64.8,137,31996,0,2
64.9,137,31673,0,0
65,137,31412,0,0
65.1,137,31219,0,0
65.2,137,31045,0,0
65.3,138,30972,0,1
65.4,138,30756,0,0
65.5,138,30773,0,0
65.6,138,30685,0,0
65.7,138,30654,0,0
65.8,138,30480,0,0
65.9,140,30399,0,2
66,139,30311,1,0
66.1,139,30359,0,0
66.2,139,30385,0,0
66.3,140,30458,0,1
66.4,140,30311,0,0
66.5,140,30224,0,0
66.6,140,30185,0,0
66.7,140,30088,0,0
66.8,140,29882,0,0
66.9,140,29896,0,0
67,140,29833,0,0
67.1,141,29783,0,1
67.2,141,29732,0,0
67.3,141,29684,0,0
67.4,141,29651,0,0
67.5,141,29598,0,0
67.6,141,29670,0,0
67.7,142,29810,0,1
67.8,142,30061,0,0
67.9,142,30305,0,0
68,142,30527,0,0
68.1,142,30839,0,0
68.2,142,31062,0,0
68.3,142,31377,0,0
68.4,142,31955,0,0
68.5,142,32512,0,0
68.6,142,32875,0,0
68.7,142,33364,0,0
68.8,142,34033,0,0
68.9,142,34570,1,1
69,142,35084,0,0
69.1,142,35705,1,1
69.2,142,36111,0,0
69.3,142,36753,0,0
69.4,142,37540,0,0
69.5,142,38218,0,0
69.6,143,38874,0,1
69.7,143,39486,0,0
69.8,143,40093,0,0
69.9,144,40804,0,1
70,144,41464,0,0
70.1,144,42158,0,0
70.2,143,42905,1,0
70.3,143,43376,0,0
70.4,143,43701,0,0
70.5,143,44329,0,0
70.6,143,45059,0,0
70.7,144,45564,0,1
70.8,145,46159,0,1
70.9,145,46679,0,0
71,143,47171,2,0
71.1,144,47758,0,1
71.2,144,48157,0,0
71.3,145,48491,0,1
71.4,145,48764,0,0
71.5,145,49108,0,0
71.6,146,49199,0,1
71.7,146,49390,0,0
71.8,146,49519,0,0
71.9,146,49657,0,0
72,147,49701,0,1
72.1,146,49800,1,0
72.2,146,49966,0,0
72.3,146,49842,0,0
72.4,146,49999,0,0
72.5,146,50056,0,0
72.6,146,50326,0,0
72.7,146,50516,0,0
72.8,146,50749,0,0
72.9,147,50932,0,1
73,148,51207,0,1
73.1,147,51292,1,0
73.2,147,51507,0,0
73.3,146,51731,1,0
73.4,146,52082,0,0
73.5,146,52441,0,0
73.6,146,52722,0,0
73.7,146,53124,0,0
73.8,146,53227,0,0
73.9,145,53474,1,0
74,145,53518,0,0
74.1,145,53641,0,0
74.2,147,53531,0,2
74.3,148,53510,0,1
74.4,148,53421,0,0
74.5,148,53300,0,0
74.6,149,53202,0,1
74.7,149,52952,0,0
74.8,149,52672,0,0
74.9,149,52513,0,0
75,149,52314,0,0
75.1,149,52194,0,0
75.2,149,52130,0,0
75.3,149,52100,0,0
75.4,148,52192,1,0
75.5,147,52364,1,0
75.6,147,52443,0,0
75.7,147,52529,0,0
75.8,147,52750,0,0
75.9,147,52977,0,0
76,147,53097,0,0
76.1,147,53437,0,0
76.2,147,53926,0,0
76.3,147,54321,0,0
76.4,147,54874,0,0
76.5,147,55140,0,0
76.6,147,55712,0,0
76.7,147,56121,0,0
76.8,147,56411,0,0
76.9,147,56638,0,0
77,147,56867,0,0
77.1,147,57083,0,0
77.2,148,57138,0,1
77.3,149,57392,0,1
77.4,149,57676,1,1
77.5,149,57839,1,1
77.6,149,58077,0,0
77.7,149,58194,0,0
77.8,149,58406,0,0
77.9,149,58665,0,0
78,148,58726,1,0
78.1,148,59037,0,0
78.2,148,59379,0,0
78.3,147,59758,1,0
78.4,147,59934,0,0
78.5,147,60279,0,0
78.6,147,60482,0,0
78.7,147,60716,0,0
78.8,147,61227,0,0
78.9,147,61804,0,0
79,147,62352,0,0
79.1,147,62744,0,0
79.2,147,62998,0,0
79.3,148,63133,0,1
79.4,148,63182,0,0
79.5,147,63350,1,0
79.6,147,63223,0,0
79.7,147,63192,0,0
79.8,147,62909,0,0
79.9,147,62741,0,0
80,148,62475,0,1
80.1,148,62050,0,0
80.2,148,61687,0,0
80.3,149,61093,0,1
80.4,150,60494,0,1
80.5,150,59662,0,0
80.6,150,58979,0,0
80.7,150,58040,0,0
80.8,149,57408,1,0
80.9,151,56729,0,2
81,149,56177,2,0
81.1,149,55508,0,0
81.2,149,55007,0,0
81.3,149,54453,0,0
81.4,149,53902,1,1
81.5,149,53273,0,0
81.6,149,52829,0,0
81.7,149,52263,0,0
81.8,149,51830,0,0
81.9,148,51412,1,0
82,149,50790,0,1
82.1,149,50225,1,1
82.2,149,49675,0,0
82.3,147,49157,2,0
82.4,147,48675,0,0
82.5,147,48254,0,0
82.6,147,47493,0,0
82.7,147,46869,0,0
82.8,147,46223,0,0
82.9,147,45663,0,0
83,147,44972,0,0
83.1,147,44567,0,0
83.2,147,44127,0,0
83.3,147,43597,0,0
83.4,148,43220,0,1
83.5,148,42692,0,0
83.6,148,42435,0,0
83.7,148,42049,0,0
83.8,148,41878,0,0
83.9,148,41879,0,0
84,148,41601,0,0
84.1,148,41541,0,0
84.2,148,41576,1,1
84.3,147,41594,1,0
84.4,147,41572,0,0
84.5,147,41760,0,0
84.6,148,42034,0,1
84.7,149,42158,0,1
84.8,149,42307,0,0
84.9,150,42619,0,1
85,149,42771,1,0
85.1,148,43123,1,0
85.2,146,43210,2,0
85.3,146,43477,0,0
85.4,147,43568,0,1
85.5,146,43498,1,0
85.6,146,43522,0,0
85.7,145,43373,1,0
85.8,145,43204,0,0
85.9,145,43022,0,0
86,145,42882,0,0
86.1,146,42735,0,1
86.2,146,42518,0,0
86.3,146,42313,0,0
86.4,146,42101,0,0
86.5,145,41749,1,0
86.6,146,41427,0,1
86.7,145,41050,1,0
86.8,144,40719,1,0
86.9,144,40447,0,0
87,144,39941,0,0
87.1,144,39510,0,0
87.2,144,39026,0,0
87.3,144,38675,0,0
87.4,144,38249,0,0
87.5,144,37802,0,0
87.6,144,37552,0,0
87.7,145,36905,0,1
87.8,145,36340,0,0
87.9,145,35904,0,0
88,143,35341,2,0
88.1,143,34826,0,0
88.2,144,34320,0,1
88.3,144,33950,0,0
88.4,144,33596,0,0
88.5,144,33274,0,0
88.6,144,32814,0,0
88.7,144,32534,0,0
88.8,144,32112,0,0
88.9,144,31825,0,0
89,144,31540,0,0
89.1,144,31179,0,0
89.2,144,30929,0,0
89.3,143,30756,1,0
89.4,143,30627,0,0
89.5,143,30396,0,0
89.6,143,30430,0,0
89.7,143,30271,0,0
89.8,143,30186,0,0
89.9,143,30065,0,0
90,144,30037,0,1
90.1,144,30052,0,0
90.2,144,30009,0,0
90.3,144,29968,0,0
90.4,144,29977,0,0
90.5,143,30224,1,0
90.6,143,30405,0,0
90.7,143,30504,0,0
90.8,143,30807,0,0
90.9,143,31149,0,0
91,143,31399,0,0
91.1,142,31774,1,0
91.2,142,32071,0,0
91.3,142,32556,0,0
91.4,141,33146,1,0
91.5,141,33690,1,1
91.6,140,34258,1,0
91.7,140,34880,0,0
91.8,140,35558,0,0
91.9,139,36276,1,0
92,139,37027,0,0
92.1,139,37872,0,0
92.2,139,38663,0,0
92.3,139,39392,0,0
92.4,139,40162,0,0
92.5,139,40880,0,0
92.6,140,41521,0,1
92.7,141,42261,0,1
92.8,141,42845,0,0
92.9,141,43421,0,0
93,140,43873,1,0
93.1,140,44262,0,0
93.2,140,44486,0,0
93.3,140,44642,0,0
93.4,140,44933,0,0
93.5,140,45014,0,0
93.6,140,44971,0,0
93.7,140,44908,0,0
93.8,140,44855,0,0
93.9,140,44807,0,0
94,141,44648,0,1
94.1,141,44531,0,0
94.2,140,44382,1,0
94.3,140,44354,0,0
94.4,140,44242,0,0
94.5,140,44054,0,0
94.6,141,44075,0,1
94.7,141,44038,0,0
94.8,141,44105,0,0
94.9,143,44014,0,2
95,143,44146,0,0
95.1,143,44291,0,0
95.2,142,44315,1,0
95.3,142,44344,0,0
95.4,142,44398,0,0
95.5,142,44458,0,0
95.6,142,44443,0,0
95.7,142,44554,0,0
95.8,142,44548,0,0
95.9,142,44591,0,0
96,141,44574,1,0
96.1,141,44632,0,0
96.2,142,44812,0,1
96.3,143,44823,0,1
96.4,142,44646,1,0
96.5,142,44584,0,0
96.6,142,44542,0,0
96.7,143,44630,0,1
96.8,142,44697,1,0
96.9,141,44797,1,0
97,141,44867,0,0
97.1,141,44900,0,0
97.2,141,45189,0,0
97.3,141,45361,0,0
97.4,141,45487,0,0
97.5,141,45508,0,0
97.6,141,45667,0,0
97.7,141,45726,0,0
97.8,141,45769,0,0
97.9,141,45868,0,0
98,141,45991,0,0
98.1,141,45762,0,0
98.2,141,45615,0,0
98.3,142,45617,0,1
98.4,141,45310,1,0
98.5,142,45284,0,1
98.6,141,45125,1,0
98.7,141,45047,1,1
98.8,141,44859,0,0
98.9,141,44662,0,0
99,141,44616,0,0
99.1,141,44513,0,0
99.2,141,44469,0,0
99.3,141,44394,0,0
99.4,140,44418,1,0
99.5,139,44434,1,0
99.6,139,44406,0,0
99.7,139,44329,0,0
99.8,140,44461,0,1
99.9,140,44419,0,0
100,140,44310,0,0
100.1,141,44353,0,1
100.2,141,44460,0,0
100.3,141,44433,0,0
100.4,141,44540,0,0
100.5,141,44577,0,0
100.6,139,44873,2,0
100.7,140,44954,0,1
100.8,140,44943,0,0
100.9,141,45086,0,1
101,141,45262,0,0
101.1,141,45308,0,0
101.2,141,45602,0,0
101.3,141,45743,0,0
101.4,141,45836,0,0
101.5,141,46048,0,0
101.6,142,46274,0,1
101.7,142,46366,0,0
101.8,142,46641,0,0
101.9,142,46663,0,0
102,141,46731,1,0
102.1,141,46727,0,0
102.2,141,46698,0,0
102.3,141,46551,0,0
102.4,141,46481,0,0
102.5,141,46492,0,0
102.6,141,46523,0,0
102.7,141,46408,0,0
102.8,141,46442,0,0
102.9,140,46224,1,0
103,140,46319,0,0
103.1,140,46249,0,0
103.2,140,46357,0,0
103.3,140,46440,0,0
103.4,140,46395,0,0
103.5,140,46536,0,0
103.6,140,46742,0,0
103.7,140,46786,0,0
103.8,140,46954,0,0
103.9,140,47279,0,0
104,140,47520,0,0
104.1,140,47864,0,0
104.2,142,48270,0,2
104.3,142,48551,0,0
104.4,141,48900,1,0
104.5,141,48999,0,0
104.6,141,49257,0,0
104.7,141,49521,0,0
104.8,141,49643,0,0
104.9,140,49822,1,0
105,140,49970,0,0
105.1,140,49900,0,0
105.2,140,50008,0,0
105.3,141,49981,0,1
105.4,141,50204,0,0
105.5,141,50111,0,0
105.6,141,50082,0,0
105.7,141,50064,0,0
105.8,141,50028,0,0
105.9,141,49916,0,0
106,142,49808,0,1
106.1,142,49414,0,0
106.2,142,49019,0,0
106.3,142,48673,0,0
106.4,141,48163,1,0
106.5,141,47833,0,0
106.6,141,47371,0,0
106.7,141,47007,0,0
106.8,141,46690,0,0
106.9,141,46109,0,0
107,142,45673,0,1
107.1,142,45031,0,0
107.2,142,44557,0,0
107.3,142,43981,0,0
107.4,142,43477,0,0
107.5,142,43044,0,0
107.6,141,42496,1,0
107.7,141,41931,0,0
107.8,141,41388,0,0
107.9,141,40918,0,0
108,141,40387,0,0
108.1,141,40022,0,0
108.2,141,39700,0,0
108.3,142,39420,0,1
108.4,142,38982,0,0
108.5,141,38624,1,0
108.6,141,38285,0,0
108.7,141,38007,0,0
108.8,141,37923,0,0
108.9,141,37722,0,0
109,141,37499,1,1
109.1,141,37423,0,0
109.2,141,37152,0,0
109.3,141,37182,0,0
109.4,142,37063,0,1
109.5,142,37069,0,0
109.6,142,36926,1,1
109.7,142,36897,0,0
109.8,142,36987,0,0
109.9,141,36964,1,0
110,141,36894,0,0
110.1,141,36967,0,0
110.2,141,37044,0,0
110.3,141,37252,0,0
110.4,141,37230,0,0
110.5,141,37155,0,0
110.6,141,37170,0,0
110.7,141,37115,0,0
110.8,141,37089,0,0
110.9,141,37037,0,0
111,141,37081,0,0
111.1,141,36849,0,0
111.2,141,36777,0,0
111.3,141,36678,0,0
111.4,141,36559,0,0
111.5,141,36517,0,0
111.6,142,36631,0,1
111.7,141,36761,1,0
111.8,141,36901,0,0
111.9,142,36899,0,1
112,142,37022,0,0
112.1,142,37364,0,0
112.2,142,37554,0,0
112.3,141,37966,1,0
112.4,141,38266,0,0
112.5,141,38511,0,0
112.6,141,38850,0,0
112.7,141,39231,1,1
112.8,141,39540,0,0
112.9,141,39925,0,0
113,141,40378,0,0
113.1,141,40855,0,0
113.2,141,41316,0,0
113.3,141,41641,0,0
113.4,141,42090,0,0
113.5,141,42447,0,0
113.6,141,42861,0,0
113.7,141,43236,0,0
113.8,141,43370,1,1
113.9,141,43495,0,0
114,141,43609,0,0
114.1,141,43460,0,0
114.2,141,43450,0,0
114.3,141,43702,0,0
114.4,141,43712,0,0
114.5,141,43728,0,0
114.6,141,43774,0,0
114.7,141,43895,0,0
114.8,141,43837,0,0
114.9,141,43715,0,0
115,141,43690,0,0
115.1,141,43565,0,0
115.2,141,43397,0,0
115.3,141,43196,0,0
115.4,141,42975,0,0
115.5,142,42934,0,1
115.6,143,42801,0,1
115.7,143,42585,0,0
115.8,143,42444,0,0
115.9,143,42424,0,0
116,142,42398,1,0
116.1,142,42571,0,0
116.2,143,42693,0,1
116.3,143,42875,0,0
116.4,143,42883,0,0
116.5,143,43298,0,0
116.6,143,43657,0,0
116.7,142,43757,1,0
116.8,142,44120,0,0
116.9,143,44283,0,1
117,143,44601,0,0
117.1,143,44994,0,0
117.2,143,45129,0,0
117.3,143,45399,0,0
117.4,142,45657,1,0
117.5,143,45807,0,1
117.6,143,45943,0,0
117.7,144,46071,0,1
117.8,144,46362,0,0
117.9,144,46515,0,0
118,144,46391,0,0
118.1,144,46426,0,0
118.2,143,46518,1,0
118.3,143,46622,0,0
118.4,143,46651,0,0
118.5,144,46630,0,1
118.6,144,46540,0,0
118.7,144,46404,0,0
118.8,144,46217,0,0
118.9,144,46094,0,0
119,144,45823,0,0
119.1,144,45782,0,0
119.2,144,45582,0,0
119.3,144,45391,0,0
119.4,145,45313,0,1
119.5,146,45180,0,1
119.6,146,44927,0,0
119.7,145,44947,1,0
119.8,144,44755,1,0
119.9,144,44542,0,0
120,144,44430,0,0
120.1,144,44334,0,0
120.2,144,44263,0,0
120.3,144,44249,0,0
120.4,145,44196,0,1
120.5,144,44329,1,0
120.6,144,44352,0,0
120.7,144,44493,0,0
120.8,144,44770,0,0
120.9,146,44897,1,3
121,146,45109,0,0
121.1,146,45194,0,0
121.2,146,45363,0,0
121.3,146,45482,0,0
121.4,146,45670,0,0
121.5,146,45709,0,0
121.6,146,45952,0,0
121.7,146,46330,0,0
121.8,146,46580,0,0
121.9,147,46700,0,1
122,147,47015,0,0
122.1,147,47239,0,0
122.2,147,47343,0,0
122.3,147,47588,0,0
122.4,147,47739,0,0
122.5,147,47965,0,0
122.6,147,48203,0,0
122.7,146,48362,1,0
122.8,146,48648,0,0
122.9,147,48769,0,1
123,147,49045,0,0
123.1,148,49296,0,1
123.2,147,49427,1,0
123.3,147,49621,0,0
123.4,147,49659,0,0
123.5,147,49625,0,0
123.6,147,49782,0,0
123.7,146,49847,1,0
123.8,147,49688,0,1
123.9,147,49670,0,0
124,147,49621,0,0
124.1,147,49608,0,0
124.2,147,49581,0,0
124.3,147,49568,0,0
124.4,147,49478,0,0
124.5,147,49532,0,0
124.6,147,49443,0,0
124.7,148,49440,0,1
124.8,148,49484,0,0
124.9,148,49645,0,0
125,149,49572,0,1
125.1,149,49698,0,0
125.2,149,49857,0,0
125.3,149,50089,0,0
125.4,149,50174,0,0
125.5,149,50339,0,0
125.6,150,50549,0,1
125.7,149,50775,1,0
125.8,148,50839,1,0
125.9,148,51076,0,0
126,148,51222,0,0
126.1,149,51384,0,1
126.2,149,51560,0,0
126.3,149,51622,0,0
126.4,149,51552,0,0
126.5,150,51664,0,1
126.6,150,51664,0,0
126.7,150,51660,0,0
126.8,148,51610,2,0
126.9,148,51458,0,0
127,148,51626,0,0
127.1,148,51457,0,0
127.2,148,51330,0,0
127.3,148,51118,0,0
127.4,148,51115,0,0
127.5,148,50893,0,0
127.6,148,50693,0,0
127.7,148,50344,0,0
127.8,148,50092,0,0
127.9,148,50015,0,0
128,148,49872,0,0
128.1,148,49570,0,0
128.2,148,49392,0,0
128.3,148,49177,0,0
128.4,148,48835,0,0
128.5,149,48434,0,1
128.6,149,48080,0,0
128.7,150,47957,0,1
128.8,149,47570,1,0
128.9,149,47332,0,0
129,148,46847,1,0
129.1,148,46573,0,0
129.2,148,46317,0,0
129.3,148,45895,0,0
129.4,148,45600,0,0
129.5,148,45353,0,0
129.6,148,45048,0,0
129.7,148,44736,0,0
129.8,148,44584,0,0
129.9,148,44363,0,0
130,148,44253,0,0
130.1,148,43948,0,0
130.2,148,43716,0,0
130.3,147,43582,1,0
130.4,147,43565,0,0
130.5,147,43496,0,0
130.6,147,43571,0,0
130.7,147,43537,0,0
130.8,147,43677,0,0
130.9,147,43606,0,0
131,147,43852,0,0
131.1,147,43853,0,0
131.2,147,43703,0,0
131.3,147,43761,0,0
131.4,147,43743,0,0
131.5,147,43646,0,0
131.6,146,43401,1,0
131.7,146,43291,0,0
131.8,146,43017,0,0
131.9,146,42896,0,0
132,147,42707,0,1
132.1,147,42420,0,0
132.2,147,41980,0,0
132.3,147,41745,0,0
132.4,147,41392,0,0
132.5,147,41209,0,0
132.6,147,40943,0,0
132.7,147,40684,0,0
132.8,148,40408,0,1
132.9,148,40284,0,0
133,148,39913,0,0
133.1,147,39694,1,0
133.2,146,39498,1,0
133.3,146,39247,0,0
133.4,147,38903,0,1
133.5,146,38669,1,0
133.6,145,38331,1,0
133.7,145,37994,0,0
133.8,146,37821,0,1
133.9,146,37583,0,0
134,146,37446,0,0
134.1,146,37311,0,0
134.2,146,36952,0,0
134.3,146,36888,0,0
134.4,146,36804,0,0
134.5,146,36807,0,0
134.6,146,36622,0,0
134.7,146,36509,0,0
134.8,146,36349,0,0
134.9,147,36348,0,1
135,147,36327,0,0
135.1,148,36361,0,1
135.2,148,36301,0,0
135.3,147,36186,1,0
135.4,147,36264,0,0
135.5,147,36131,0,0
135.6,146,36179,1,0
135.7,145,36050,1,0
135.8,145,36280,0,0
135.9,145,36458,0,0
136,145,36395,0,0
136.1,145,36463,0,0
136.2,145,36628,0,0
136.3,145,36792,0,0
136.4,145,36827,0,0
136.5,145,37150,0,0
136.6,144,37515,1,0
136.7,144,37796,0,0
136.8,144,38008,0,0
136.9,144,38330,0,0
137,144,38639,0,0
137.1,144,38830,0,0
137.2,144,39273,0,0
137.3,143,39695,1,0
137.4,143,40073,0,0
137.5,143,40428,0,0
137.6,142,40891,1,0
137.7,142,41278,0,0
137.8,142,41682,0,0
137.9,141,42082,1,0
138,141,42393,0,0
138.1,141,42531,0,0
138.2,140,42807,1,0
138.3,139,43214,1,0
138.4,139,43348,0,0
138.5,139,43360,0,0
138.6,139,43310,0,0
138.7,139,43215,0,0
138.8,139,43297,0,0
138.9,139,43282,0,0
139,139,43196,0,0
139.1,139,43022,0,0
139.2,139,42849,0,0
139.3,139,42525,0,0
139.4,139,42485,0,0
139.5,139,42264,0,0
139.6,139,42126,0,0
139.7,139,41743,0,0
139.8,139,41548,0,0
139.9,139,41350,0,0
140,139,41202,0,0
140.1,139,41044,0,0
140.2,140,40828,0,1
140.3,139,40682,1,0
140.4,139,40605,0,0
140.5,139,40357,0,0
140.6,139,40422,0,0
140.7,140,40134,0,1
140.8,140,40133,0,0
140.9,140,40233,0,0
141,140,40312,0,0
141.1,140,40237,0,0
141.2,141,40202,0,1
141.3,141,40086,0,0
141.4,141,40257,0,0
141.5,142,40211,0,1
141.6,142,40046,0,0
141.7,143,40102,0,1
141.8,142,40174,1,0
141.9,142,40155,0,0
142,142,40170,0,0
142.1,141,40024,1,0
142.2,141,39960,0,0
142.3,141,39993,0,0
142.4,141,39922,0,0
142.5,141,39900,0,0
142.6,141,40018,0,0
142.7,141,39888,0,0
142.8,141,40014,0,0
142.9,141,39882,0,0
143,141,39817,0,0
143.1,141,39720,0,0
143.2,141,39762,0,0
143.3,141,39796,0,0
143.4,141,39894,0,0
143.5,141,39976,0,0
143.6,140,40032,1,0
143.7,140,40008,1,1
143.8,140,40084,0,0
143.9,140,40171,0,0
144,141,40316,0,1
144.1,140,40332,1,0
144.2,140,40639,0,0
144.3,139,40799,1,0
144.4,139,40887,0,0
144.5,139,41152,0,0
144.6,139,41555,0,0
144.7,139,41941,0,0
144.8,139,42147,0,0
144.9,139,42499,0,0
145,139,42927,0,0
145.1,139,43206,0,0
145.2,139,43628,0,0
145.3,139,44127,0,0
145.4,139,44352,0,0
145.5,139,44745,0,0
145.6,139,45181,0,0
145.7,139,45542,0,0
145.8,139,45921,0,0
145.9,139,46336,0,0
146,139,46780,0,0
146.1,139,47208,0,0
146.2,139,47468,0,0
146.3,139,47894,0,0
146.4,139,48193,0,0
146.5,139,48316,0,0
146.6,139,48432,0,0
146.7,139,48248,0,0
146.8,139,48256,0,0
146.9,139,48225,0,0
147,139,48120,0,0
147.1,139,47795,0,0
147.2,139,47505,0,0
147.3,139,47140,0,0
147.4,140,46798,0,1
147.5,140,46384,0,0
147.6,140,46000,0,0
147.7,141,45539,0,1
147.8,141,45026,0,0
147.9,141,44536,0,0
148,141,44102,1,1
148.1,141,43778,0,0
148.2,141,43395,0,0
148.3,141,42920,0,0
148.4,141,42506,0,0
148.5,140,42171,1,0
148.6,140,41866,0,0
148.7,140,41623,0,0
148.8,140,41302,0,0
148.9,140,40992,0,0
149,140,40763,0,0
149.1,140,40395,0,0
149.2,140,40175,0,0
149.3,140,40034,0,0
149.4,140,39888,0,0
149.5,139,39909,1,0
149.6,138,39658,1,0
149.7,138,39435,0,0
149.8,138,39394,0,0
149.9,139,39252,0,1
150,140,39055,0,1
150.1,140,39001,0,0
150.2,140,39095,0,0
150.3,140,39126,0,0
150.4,140,39091,0,0
150.5,140,38953,0,0
150.6,140,38806,0,0
150.7,140,38887,0,0
150.8,140,38864,0,0
150.9,140,38876,0,0
151,140,38976,0,0
151.1,140,39019,0,0
151.2,140,38951,0,0
151.3,141,38951,0,1
151.4,142,39018,0,1
151.5,142,39126,0,0
151.6,142,39186,0,0
151.7,143,39445,0,1
151.8,143,39628,0,0
151.9,142,39828,1,0
152,143,40109,0,1
152.1,143,40325,0,0
152.2,143,40426,0,0
152.3,143,40607,0,0
152.4,143,41012,0,0
152.5,143,41271,0,0
152.6,143,41523,0,0
152.7,143,41712,0,0
152.8,143,41835,0,0
152.9,143,42022,0,0
153,143,42201,0,0
153.1,143,42367,0,0
153.2,143,42613,0,0
153.3,143,42799,0,0
153.4,144,42993,0,1
153.5,144,43055,0,0
153.6,144,43320,0,0
153.7,144,43351,0,0
153.8,146,43560,0,2
153.9,145,43779,1,0
154,146,43814,0,1
154.1,146,44045,0,0
154.2,146,44406,0,0
154.3,146,44542,0,0
154.4,146,44585,0,0
154.5,146,44799,0,0
154.6,146,45054,0,0
154.7,146,45115,0,0
154.8,146,45266,0,0
154.9,146,45609,0,0
155,146,45653,0,0
155.1,145,45875,1,0
155.2,145,46039,0,0
155.3,146,46226,0,1
155.4,146,46427,0,0
155.5,146,46652,0,0
155.6,146,46863,0,0
155.7,145,47249,1,0
155.8,145,47536,0,0
155.9,145,47869,0,0
156,145,48088,0,0
156.1,145,48359,0,0
156.2,145,48718,0,0
156.3,145,49044,0,0
156.4,145,49403,0,0
156.5,146,49553,0,1
156.6,147,49927,0,1
156.7,146,50302,1,0
156.8,146,50533,0,0
156.9,146,50687,1,1
157,146,50778,0,0
157.1,147,50727,0,1
157.2,147,50719,0,0
157.3,147,50616,0,0
157.4,147,50526,0,0
157.5,147,50422,0,0
157.6,147,50378,0,0
157.7,147,50160,0,0
157.8,147,50070,0,0
157.9,147,50114,0,0
158,147,49966,0,0
158.1,147,49760,0,0
158.2,147,49632,0,0
158.3,147,49479,0,0
158.4,147,49363,0,0
158.5,147,49078,0,0
158.6,146,48930,1,0
158.7,146,48613,0,0
158.8,146,48352,0,0
158.9,146,47928,0,0
159,146,47797,0,0
159.1,146,47639,0,0
159.2,146,47451,0,0
159.3,146,47357,0,0
159.4,145,47212,1,0
159.5,145,47153,0,0
159.6,145,46988,0,0
159.7,145,47175,0,0
159.8,145,47230,0,0
159.9,145,47354,0,0
160,145,47655,0,0
160.1,144,47799,1,0
160.2,145,48051,0,1
160.3,145,48183,0,0
160.4,145,48457,0,0
160.5,145,48797,0,0
160.6,145,49184,0,0
160.7,145,49266,0,0
160.8,146,49643,0,1
160.9,146,49915,0,0
161,146,50101,0,0
161.1,147,50221,0,1
161.2,147,50346,0,0
161.3,146,50479,1,0
161.4,146,50652,0,0
161.5,147,50718,0,1
161.6,147,50716,0,0
161.7,147,50560,0,0
161.8,147,50623,0,0
161.9,148,50585,0,1
162,148,50190,0,0
162.1,148,50080,0,0
162.2,148,49846,0,0
162.3,148,49577,0,0
162.4,148,49353,0,0
162.5,148,49041,0,0
162.6,148,48757,0,0
162.7,148,48578,0,0
162.8,148,48271,0,0
162.9,148,47964,0,0
163,148,47674,0,0
163.1,148,47397,0,0
163.2,148,47147,0,0
163.3,148,46854,0,0
163.4,149,46716,0,1
163.5,149,46549,0,0
163.6,149,46420,0,0
163.7,149,46272,0,0
163.8,149,46320,0,0
163.9,149,46266,0,0
164,149,46052,0,0
164.1,149,45902,0,0
164.2,150,45740,0,1
164.3,150,45523,0,0
164.4,151,45622,0,1
164.5,150,45596,1,0
164.6,150,45322,0,0
164.7,150,45119,0,0
164.8,149,45021,1,0
164.9,149,44875,0,0
165,149,44638,0,0
165.1,149,44474,0,0
165.2,150,44341,0,1
165.3,150,44197,0,0
165.4,150,43983,0,0
165.5,150,43893,0,0
165.6,149,43724,1,0
165.7,149,43612,0,0
165.8,149,43619,0,0
165.9,149,43540,0,0
166,149,43443,0,0
166.1,149,43437,0,0
166.2,149,43622,0,0
166.3,150,43721,0,1
166.4,150,44001,0,0
166.5,149,44154,1,0
166.6,149,44363,0,0
166.7,150,44528,0,1
166.8,150,44504,0,0
166.9,150,44805,0,0
167,149,45010,1,0
167.1,149,45048,0,0
167.2,149,45254,0,0
167.3,149,45400,0,0
167.4,149,45616,0,0
167.5,149,45827,0,0
167.6,149,46082,0,0
167.7,149,46254,0,0
167.8,149,46394,0,0
167.9,149,46420,0,0
168,149,46529,0,0
168.1,149,46549,0,0
168.2,149,46637,0,0
168.3,150,46741,0,1
168.4,150,46899,0,0
168.5,151,47095,0,1
168.6,151,47127,0,0
168.7,151,47366,0,0
168.8,151,47667,0,0
168.9,151,47912,0,0
169,151,48146,0,0
169.1,151,48196,0,0
169.2,151,48467,0,0
169.3,151,48447,0,0
169.4,151,48427,0,0
169.5,151,48483,0,0
169.6,151,48401,0,0
169.7,151,48276,0,0
169.8,151,48455,0,0
169.9,151,48504,0,0
170,151,48240,0,0
170.1,151,48085,0,0
170.2,151,47948,0,0
170.3,150,47655,1,0
170.4,150,47516,0,0
170.5,151,47296,0,1
170.6,151,47057,0,0
170.7,150,46768,1,0
170.8,150,46529,0,0
170.9,150,46427,0,0
171,150,46106,0,0
171.1,150,45746,0,0
171.2,150,45483,0,0
171.3,150,45232,0,0
171.4,150,45116,1,1
171.5,150,45005,0,0
171.6,149,44669,1,0
171.7,149,44672,0,0
171.8,149,44474,0,0
171.9,149,44437,0,0
172,149,44565,0,0
172.1,150,44789,0,1
172.2,150,45040,0,0
172.3,149,45128,1,0
172.4,149,45182,0,0
172.5,149,45297,0,0
172.6,149,45575,0,0
172.7,149,45594,0,0
172.8,150,46015,0,1
172.9,150,46095,0,0
173,150,46274,0,0
173.1,151,46593,0,1
173.2,152,46749,0,1
173.3,152,47030,0,0
173.4,153,47044,0,1
173.5,153,47243,0,0
173.6,152,47483,1,0
173.7,152,47495,0,0
173.8,152,47483,0,0
173.9,152,47573,0,0
174,152,47721,0,0
174.1,151,47725,1,0
174.2,151,47689,0,0
174.3,151,47802,0,0
174.4,151,47840,0,0
174.5,152,47886,0,1
174.6,153,47822,0,1
174.7,154,47919,0,1
174.8,154,47952,0,0
174.9,154,48185,0,0
175,153,48428,1,0
175.1,153,48552,0,0
175.2,153,48687,0,0
175.3,153,48772,0,0
175.4,153,49047,0,0
175.5,153,49329,0,0
175.6,153,49485,0,0
175.7,153,49678,0,0
175.8,154,49746,0,1
175.9,154,50068,0,0
176,154,50185,0,0
176.1,155,50286,0,1
176.2,155,50423,0,0
176.3,155,50550,0,0
176.4,155,50718,0,0
176.5,155,50833,0,0
176.6,155,51001,0,0
176.7,156,51206,0,1
176.8,156,51213,0,0
176.9,157,51434,0,1
177,157,51666,1,1
177.1,157,51771,0,0
177.2,157,51901,0,0
177.3,156,52071,1,0
177.4,156,52261,0,0
177.5,156,52680,0,0
177.6,156,52735,0,0
177.7,156,52914,0,0
177.8,156,53027,0,0
177.9,157,53100,0,1
178,157,53062,0,0
178.1,158,52926,0,1
178.2,158,52864,0,0
178.3,158,52789,0,0
178.4,158,52854,0,0
178.5,156,52588,2,0
178.6,156,52460,0,0
178.7,156,52531,0,0
178.8,156,52231,0,0
178.9,156,52004,0,0
179,157,51835,0,1
179.1,157,51612,0,0
179.2,157,51529,0,0
179.3,158,51275,0,1
179.4,157,51167,1,0
179.5,157,51093,0,0
179.6,156,50855,1,0
179.7,156,50712,0,0
179.8,156,50409,0,0
179.9,157,50124,0,1
180,157,49975,0,0
180.1,156,49986,1,0
180.2,156,50089,0,0
180.3,156,50043,0,0
180.4,156,49934,0,0
180.5,156,49910,0,0
180.6,156,49927,0,0
180.7,156,49973,0,0
180.8,156,50199,0,0
180.9,156,50380,0,0
181,157,50674,0,1
181.1,157,50914,0,0
181.2,157,51249,0,0
181.3,157,51567,0,0
181.4,157,51782,0,0
181.5,156,51993,1,0
181.6,156,52147,0,0
181.7,156,52221,0,0
181.8,156,52352,0,0
181.9,156,52504,0,0
182,156,52511,0,0
182.1,155,52686,1,0
182.2,155,52647,0,0
182.3,155,52684,0,0
182.4,154,52732,1,0
182.5,154,52596,0,0
182.6,153,52464,1,0
182.7,153,52461,0,0
182.8,153,52170,1,1
182.9,153,52181,0,0
183,153,52001,0,0
183.1,153,51831,0,0
183.2,153,51667,0,0
183.3,153,51521,0,0
183.4,154,51242,0,1
183.5,155,50874,0,1
183.6,155,50678,0,0
183.7,155,50541,0,0
183.8,155,50410,0,0
183.9,155,50218,0,0
184,155,50004,0,0
184.1,154,49752,1,0
184.2,154,49410,0,0
184.3,154,49103,0,0
184.4,154,48903,0,0
184.5,154,48764,0,0
184.6,154,48447,0,0
184.7,154,48167,0,0
184.8,154,47813,0,0
184.9,153,47376,1,0
185,154,47069,0,1
185.1,153,46610,1,0
185.2,153,46316,0,0
185.3,153,46188,0,0
185.4,152,45781,1,0
185.5,152,45643,0,0
185.6,152,45223,0,0
185.7,152,44878,0,0
185.8,152,44659,0,0
185.9,151,44354,1,0
186,150,44274,1,0
186.1,150,44226,0,0
186.2,150,44058,0,0
186.3,150,43976,0,0
186.4,151,43917,0,1
186.5,151,43823,0,0
186.6,151,43766,0,0
186.7,150,43760,1,0
186.8,150,43723,0,0
186.9,150,43750,0,0
187,150,44075,0,0
187.1,151,44282,0,1
187.2,151,44423,0,0
187.3,153,44734,0,2
187.4,153,44795,0,0
187.5,153,45012,0,0
187.6,153,45344,0,0
187.7,153,45561,0,0
187.8,153,45657,0,0
187.9,153,45836,0,0
188,154,46036,0,1
188.1,154,46151,0,0
188.2,154,46347,0,0
188.3,154,46395,0,0
188.4,153,46401,1,0
188.5,153,46384,0,0
188.6,153,46549,0,0
188.7,153,46637,0,0
188.8,152,46494,1,0
188.9,152,46514,0,0
189,153,46315,0,1
189.1,153,46135,1,1
189.2,153,45914,0,0
189.3,153,45842,0,0
189.4,153,45745,0,0
189.5,153,45644,0,0
189.6,153,45469,0,0
189.7,152,45340,1,0
189.8,152,45161,0,0
189.9,152,45166,0,0
190,151,45312,1,0
190.1,151,45313,0,0
190.2,151,45256,0,0
190.3,151,45400,0,0
190.4,151,45353,0,0
190.5,151,45477,0,0
190.6,151,45565,0,0
190.7,151,45620,0,0
190.8,151,45582,0,0
190.9,152,45720,0,1
191,152,45767,0,0
191.1,152,45952,0,0
191.2,152,46086,0,0
191.3,152,46187,0,0
191.4,152,46443,0,0
191.5,152,46599,0,0
191.6,152,46773,0,0
191.7,153,46993,0,1
191.8,152,47195,1,0
191.9,151,47521,1,0
192,151,47888,0,0
192.1,151,48184,0,0
192.2,151,48540,0,0
192.3,151,48990,0,0
192.4,151,49210,0,0
192.5,151,49442,0,0
192.6,153,49721,0,2
192.7,152,50049,1,0
192.8,152,50179,0,0
192.9,152,50269,0,0
193,152,50192,0,0
193.1,152,50269,0,0
193.2,152,50315,0,0
193.3,152,50217,0,0
193.4,152,50123,0,0
193.5,152,50111,0,0
193.6,151,50088,1,0
193.7,151,50041,0,0
193.8,151,49921,0,0
193.9,151,49890,0,0
194,151,49828,0,0
194.1,151,49714,0,0
194.2,151,49636,0,0
194.3,151,49430,0,0
194.4,151,49282,0,0
194.5,151,49009,0,0
194.6,152,48940,0,1
194.7,152,48850,0,0
194.8,152,48574,0,0
194.9,152,48191,0,0
195,152,48066,0,0
195.1,152,47759,0,0
195.2,153,47657,0,1
195.3,153,47565,0,0
195.4,153,47291,0,0
195.5,152,47109,1,0
195.6,152,46756,1,1
195.7,151,46550,1,0
195.8,151,46229,0,0
195.9,151,45819,0,0
196,151,45534,0,0
196.1,151,45282,0,0
196.2,151,44924,0,0
196.3,151,44555,0,0
196.4,151,44366,0,0
196.5,151,43844,0,0
196.6,151,43518,0,0
196.7,151,43270,0,0
196.8,151,43053,0,0
196.9,151,42907,0,0
197,152,42713,0,1
197.1,152,42614,0,0
197.2,152,42348,0,0
197.3,152,42210,0,0
197.4,152,41921,0,0
197.5,152,41809,0,0
197.6,152,41795,0,0
197.7,152,41806,0,0
197.8,152,41826,0,0
197.9,152,41770,0,0
198,152,41906,0,0
198.1,152,41827,0,0
198.2,151,41902,1,0
198.3,151,41964,0,0
198.4,150,42128,1,0
198.5,149,42277,1,0
198.6,149,42490,0,0
198.7,149,42782,0,0
198.8,149,43032,0,0
198.9,149,43351,0,0
199,149,43589,0,0
199.1,149,43889,0,0
199.2,149,44288,0,0
199.3,149,44616,0,0
199.4,149,44936,0,0
199.5,149,45407,0,0
199.6,148,45735,1,0
199.7,148,45810,0,0
199.8,148,45972,0,0
199.9,148,46340,0,0
200,148,46619,0,0
200.1,148,46769,0,0
200.2,148,46906,0,0
200.3,149,47022,0,1
200.4,149,47255,0,0
200.5,149,47346,0,0
200.6,149,47332,0,0
200.7,150,47281,0,1
200.8,150,47130,0,0
200.9,149,47098,1,0
201,149,46898,0,0
201.1,149,46744,0,0
201.2,149,46491,0,0
201.3,149,46398,0,0
201.4,149,46172,0,0
201.5,149,45934,0,0
201.6,149,45631,0,0
201.7,149,45361,0,0
201.8,149,45156,0,0
201.9,149,44852,0,0
202,149,44530,0,0
202.1,149,44059,0,0
202.2,149,43670,0,0
202.3,149,43437,0,0
202.4,149,43111,0,0
202.5,149,42781,0,0
202.6,149,42534,0,0
202.7,148,42350,1,0
202.8,148,42021,0,0
202.9,147,42116,1,0
203,147,41940,0,0
203.1,147,41797,0,0
203.2,147,41597,0,0
203.3,147,41545,0,0
203.4,147,41494,0,0
203.5,147,41340,0,0
203.6,147,41329,0,0
203.7,147,41202,0,0
203.8,147,40991,0,0
203.9,147,40809,0,0
204,147,40700,0,0
204.1,147,40636,0,0
204.2,147,40638,0,0
204.3,147,40441,0,0
204.4,147,40344,0,0
204.5,147,40332,0,0
204.6,147,40138,0,0
204.7,148,40091,0,1
204.8,148,39972,0,0
204.9,147,39648,1,0
205,147,39622,0,0
205.1,147,39579,0,0
205.2,147,39515,0,0
205.3,147,39473,0,0
205.4,147,39329,0,0
205.5,147,39354,0,0
205.6,147,39329,0,0
205.7,147,39215,0,0
205.8,148,39010,0,1
205.9,148,38960,0,0
206,149,39074,0,1
206.1,149,39030,0,0
206.2,148,38982,1,0
206.3,148,38941,0,0
206.4,148,38930,0,0
206.5,148,38925,0,0
206.6,148,38808,0,0
206.7,147,38596,1,0
206.8,146,38692,1,0
206.9,145,38720,1,0
207,145,38554,0,0
207.1,145,38612,0,0
207.2,145,38520,0,0
207.3,145,38392,0,0
207.4,145,38350,0,0
207.5,145,38387,0,0
207.6,145,38282,0,0
207.7,145,38410,0,0
207.8,145,38354,0,0
207.9,145,38377,0,0
208,144,38419,1,0
208.1,144,38348,0,0
208.2,144,38400,0,0
208.3,144,38439,0,0
208.4,144,38636,0,0
208.5,144,38770,0,0
208.6,144,38784,0,0
208.7,144,38842,0,0
208.8,143,38904,1,0
208.9,143,39043,0,0
209,143,39382,0,0
209.1,143,39541,0,0
209.2,144,39756,0,1
209.3,144,39999,0,0
209.4,143,40237,1,0
209.5,143,40600,0,0
209.6,143,40942,0,0
209.7,143,41330,0,0
209.8,143,41693,0,0
209.9,143,42277,0,0
210,143,42772,0,0
210.1,144,43372,0,1
210.2,144,43972,0,0
210.3,144,44457,0,0
210.4,144,44878,0,0
210.5,144,45436,0,0
210.6,145,45666,0,1
210.7,145,46046,0,0
210.8,145,46255,0,0
210.9,145,46406,0,0
211,145,46589,0,0
211.1,145,46642,0,0
211.2,145,46673,0,0
211.3,146,46889,0,1
211.4,146,46628,0,0
211.5,146,46437,0,0
211.6,146,46438,0,0
211.7,146,46329,0,0
211.8,146,45895,0,0
211.9,146,45727,0,0
212,146,45462,1,1
212.1,146,45303,0,0
212.2,146,45064,0,0
212.3,146,44791,1,1
212.4,146,44502,0,0
212.5,146,44108,0,0
212.6,147,44039,0,1
212.7,146,43783,1,0
212.8,146,43577,0,0
212.9,146,43117,0,0
213,146,42890,0,0
213.1,147,42590,0,1
213.2,148,42350,0,1
213.3,148,42202,0,0
213.4,148,41965,0,0
213.5,147,41882,1,0
213.6,147,41973,0,0
213.7,147,41978,0,0
213.8,147,41938,0,0
213.9,147,41898,0,0
214,147,41912,0,0
214.1,147,41922,0,0
214.2,147,42333,0,0
214.3,147,42560,0,0
214.4,147,42827,0,0
214.5,147,43352,0,0
214.6,147,43607,0,0
214.7,147,43877,0,0
214.8,148,44119,0,1
214.9,147,44718,1,0
215,148,45094,0,1
215.1,148,45402,0,0
215.2,148,45790,0,0
215.3,148,46076,0,0
215.4,148,46492,0,0
215.5,148,46769,0,0
215.6,148,46916,0,0
215.7,148,47023,1,1
215.8,148,47380,0,0
215.9,148,47579,0,0
216,148,47683,0,0
216.1,147,47908,1,0
216.2,147,48030,0,0
216.3,147,48220,0,0
216.4,147,48482,0,0
216.5,147,48485,0,0
216.6,147,48575,0,0
216.7,147,48687,0,0
216.8,147,48673,0,0
216.9,147,48656,0,0
217,147,48632,0,0
217.1,147,48752,0,0
217.2,147,48919,0,0
217.3,147,48959,0,0
217.4,147,48908,0,0
217.5,147,48758,0,0
217.6,148,48571,0,1
217.7,148,48457,0,0
217.8,148,48550,0,0
217.9,148,48459,0,0
218,148,48370,0,0
218.1,147,48057,1,0
218.2,147,47893,0,0
218.3,147,47598,0,0
218.4,147,47432,0,0
218.5,147,47326,0,0
218.6,147,47046,0,0
218.7,147,46801,0,0
218.8,147,46583,0,0
218.9,147,46337,0,0
219,147,45973,0,0
219.1,147,45740,0,0
219.2,147,45564,0,0
219.3,147,45355,0,0
219.4,147,45178,0,0
219.5,147,44897,0,0
219.6,147,44812,0,0
219.7,147,44437,0,0
219.8,147,44431,0,0
219.9,147,44324,0,0
220,147,44216,0,0
220.1,147,44154,0,0
220.2,147,44131,0,0
220.3,147,44087,0,0
220.4,148,44062,0,1
220.5,148,44049,0,0
220.6,148,44033,0,0
220.7,149,44148,0,1
220.8,149,44218,0,0
220.9,149,44360,0,0
221,149,44397,0,0
221.1,149,44567,0,0
221.2,149,44509,0,0
221.3,149,44529,0,0
221.4,150,44514,0,1
221.5,149,44673,1,0
221.6,149,44812,0,0
221.7,149,45034,0,0
221.8,149,45310,0,0
221.9,149,45498,0,0
222,150,45489,0,1
222.1,150,45671,0,0
222.2,150,45633,0,0
222.3,150,45661,0,0
222.4,150,45791,0,0
222.5,150,45998,0,0
222.6,150,45781,0,0
222.7,150,45842,0,0
222.8,150,45655,0,0
222.9,151,45594,0,1
223,151,45401,0,0
223.1,151,45170,0,0
223.2,151,45147,0,0
223.3,150,45137,1,0
223.4,150,45058,0,0
223.5,150,44815,0,0
223.6,150,44606,0,0
223.7,150,44453,0,0
223.8,150,44199,0,0
223.9,150,44051,0,0
224,149,44002,1,0
224.1,149,43898,0,0
224.2,149,43842,0,0
224.3,149,43736,0,0
224.4,149,43661,0,0
224.5,149,43675,0,0
224.6,149,43715,0,0
224.7,149,43812,0,0
224.8,149,43847,0,0
224.9,148,43733,1,0
225,148,43692,0,0
225.1,149,43786,0,1
225.2,149,43924,0,0
225.3,149,43919,0,0
225.4,149,44088,0,0
225.5,149,44323,0,0
225.6,148,44570,1,0
225.7,148,44856,0,0
225.8,148,45140,0,0
225.9,148,45470,0,0
226,148,45997,0,0
226.1,148,46278,0,0
226.2,148,46412,0,0
226.3,148,46783,0,0
226.4,148,46957,0,0
226.5,148,46997,0,0
226.6,148,47182,0,0
226.7,147,47316,1,0
226.8,148,47289,0,1
226.9,147,47379,1,0
227,147,47408,0,0
227.1,149,47393,0,2
227.2,149,47456,1,1
227.3,149,47412,0,0
227.4,149,47149,0,0
227.5,150,46818,0,1
227.6,150,46642,0,0
227.7,150,46330,0,0
227.8,150,45930,0,0
227.9,150,45591,0,0
228,150,45222,0,0
228.1,150,44924,0,0
228.2,150,44634,0,0
228.3,149,44329,1,0
228.4,149,44042,0,0
228.5,149,43999,0,0
228.6,149,43889,0,0
228.7,149,43683,0,0
228.8,149,43587,0,0
228.9,149,43445,0,0
229,149,43396,0,0
229.1,149,43349,0,0
229.2,149,43282,0,0
229.3,148,43299,1,0
229.4,148,43343,0,0
229.5,148,43381,0,0
229.6,148,43298,0,0
229.7,148,43333,0,0
229.8,148,43378,0,0
229.9,148,43520,0,0
230,148,43286,0,0
230.1,148,43102,0,0
230.2,148,42992,0,0
230.3,148,42856,0,0
230.4,148,42735,0,0
230.5,148,42647,0,0
230.6,148,42359,0,0
230.7,148,42226,0,0
230.8,148,42213,0,0
230.9,148,42299,0,0
231,148,42448,0,0
231.1,148,42588,0,0
231.2,148,42796,0,0
231.3,148,42849,0,0
231.4,148,43133,0,0
231.5,148,43417,0,0
231.6,149,43836,0,1
231.7,149,44317,0,0
231.8,149,44724,0,0
231.9,149,45050,0,0
232,149,45410,0,0
232.1,149,46042,0,0
232.2,149,46310,0,0
232.3,149,46726,0,0
232.4,149,47205,0,0
232.5,149,47378,0,0
232.6,149,47507,0,0
232.7,149,47871,0,0
232.8,149,48033,0,0
232.9,149,48059,0,0
233,149,48037,0,0
233.1,149,48020,0,0
233.2,149,47762,0,0
233.3,148,47771,1,0
233.4,148,47540,0,0
233.5,148,47352,0,0
233.6,148,47279,0,0
233.7,149,47006,0,1
233.8,149,46547,0,0
233.9,150,46242,0,1
234,150,45838,0,0
234.1,150,45411,0,0
234.2,150,45210,0,0
234.3,150,44904,0,0
234.4,150,44549,0,0
234.5,149,44232,1,0
234.6,149,43795,0,0
234.7,149,43385,0,0
234.8,149,43208,0,0
234.9,149,42965,0,0
235,149,42811,0,0
235.1,149,42752,0,0
235.2,150,42629,0,1
235.3,150,42554,0,0
235.4,150,42332,0,0
235.5,150,42380,0,0
235.6,150,42323,0,0
235.7,150,42469,0,0
235.8,150,42722,0,0
235.9,150,42778,0,0
236,149,42911,1,0
236.1,150,43027,0,1
236.2,149,43244,1,0
236.3,149,43398,0,0
236.4,149,43537,0,0
236.5,149,43595,0,0
236.6,150,43446,0,1
236.7,150,43524,0,0
236.8,150,43258,0,0
236.9,150,43126,0,0
237,150,42939,0,0
237.1,151,42828,0,1
237.2,153,42707,0,2
237.3,153,42517,0,0
237.4,153,42564,0,0
237.5,153,42406,0,0
237.6,153,42399,0,0
237.7,153,42335,0,0
237.8,153,42282,0,0
237.9,153,42310,0,0
238,153,42289,0,0
238.1,154,42256,0,1
238.2,154,42159,0,0
238.3,154,42119,0,0
238.4,154,42097,0,0
238.5,154,42176,0,0
238.6,154,42304,0,0
238.7,154,42517,0,0
238.8,154,42575,0,0
238.9,154,42656,0,0
239,154,42762,0,0
239.1,154,42972,0,0
239.2,154,43195,0,0
239.3,154,43527,0,0
239.4,154,43995,0,0
239.5,153,44414,1,0
239.6,153,44748,0,0
239.7,153,45084,0,0
239.8,153,45549,0,0
239.9,155,46095,0,2
240,154,46560,1,0
240.1,154,46976,0,0
240.2,154,47517,0,0
240.3,154,47936,0,0
240.4,154,48512,0,0
240.5,154,49102,0,0
240.6,153,49517,1,0
240.7,153,50041,0,0
240.8,153,50539,0,0
240.9,153,50959,0,0
241,154,51268,0,1
241.1,154,51622,0,0
241.2,154,52118,0,0
241.3,154,52550,0,0
241.4,154,52955,0,0
241.5,154,53129,0,0
241.6,154,53450,0,0
241.7,154,53620,0,0
241.8,154,53779,0,0
241.9,154,53927,0,0
242,154,53861,0,0
242.1,154,53908,0,0
242.2,154,53856,0,0
242.3,154,53873,0,0
242.4,154,53785,0,0
242.5,154,53712,0,0
242.6,154,53438,0,0
242.7,155,53165,0,1
242.8,155,52910,0,0
242.9,155,52792,0,0
243,156,52550,0,1
243.1,157,52388,0,1
243.2,157,52099,0,0
243.3,157,51815,0,0
243.4,157,51710,0,0
243.5,158,51506,0,1
243.6,158,51312,0,0
243.7,158,51043,0,0
243.8,158,50794,0,0
243.9,158,50698,0,0
244,158,50831,0,0
244.1,157,50649,1,0
244.2,156,50824,1,0
244.3,156,50769,0,0
244.4,156,50783,0,0
244.5,156,50835,0,0
244.6,156,50957,0,0
244.7,156,51197,0,0
244.8,156,51436,0,0
244.9,156,51635,0,0
245,156,52056,0,0
245.1,156,52370,0,0
245.2,156,52676,0,0
245.3,156,52838,0,0
245.4,156,52985,0,0
245.5,156,53172,0,0
245.6,155,53156,1,0
245.7,155,53238,0,0
245.8,155,53221,0,0
245.9,155,53268,0,0
246,155,53131,0,0
246.1,155,53089,0,0
246.2,155,53044,0,0
246.3,155,52758,0,0
246.4,155,52634,0,0
246.5,155,52338,0,0
246.6,155,51885,0,0
246.7,154,51571,1,0
246.8,154,51242,0,0
246.9,155,51079,0,1
247,155,50768,0,0
247.1,155,50618,0,0
247.2,155,50318,0,0
247.3,155,50163,0,0
247.4,155,50127,0,0
247.5,155,50230,0,0
247.6,155,50212,0,0
247.7,155,50373,0,0
247.8,155,50639,0,0
247.9,155,50770,0,0
248,155,50944,0,0
248.1,156,51200,0,1
248.2,156,51361,0,0
248.3,156,51609,0,0
248.4,156,52020,0,0
248.5,155,52311,1,0
248.6,156,52568,0,1
248.7,156,52694,0,0
248.8,156,52855,0,0
248.9,156,53105,0,0
249,156,53335,0,0
249.1,156,53370,0,0
249.2,156,53426,0,0
249.3,156,53349,0,0
249.4,156,53144,0,0
249.5,156,52701,0,0
249.6,156,52393,0,0
249.7,156,51897,0,0
249.8,157,51549,0,1
249.9,157,51057,0,0
250,157,50417,0,0
250.1,157,49973,0,0
250.2,157,49514,0,0
250.3,157,49140,0,0
250.4,157,48711,0,0
250.5,157,48193,0,0
250.6,157,47873,0,0
250.7,157,47499,0,0
250.8,157,47065,0,0
250.9,157,46764,0,0
251,157,46504,0,0
251.1,157,46233,0,0
251.2,157,46091,0,0
251.3,157,46097,0,0
251.4,156,46053,1,0
251.5,156,46044,0,0
251.6,156,46024,0,0
251.7,156,45895,0,0
251.8,156,45869,0,0
251.9,156,45793,0,0
252,156,45883,0,0
252.1,156,45763,0,0
252.2,156,45739,0,0
252.3,156,45615,0,0
252.4,157,45546,0,1
252.5,157,45579,0,0
252.6,157,45847,0,0
252.7,157,45828,0,0
252.8,158,45898,0,1
252.9,158,46153,0,0
253,157,46269,1,0
253.1,157,46412,0,0
253.2,157,46534,0,0
253.3,157,46735,0,0
253.4,158,47024,0,1
253.5,157,47197,1,0
253.6,157,47328,0,0
253.7,157,47642,0,0
253.8,157,47824,0,0
253.9,157,48025,0,0
254,156,48103,1,0
254.1,156,48182,0,0
254.2,156,48159,0,0
254.3,156,48225,0,0
254.4,156,48222,0,0
254.5,157,48234,0,1
254.6,157,48179,0,0
254.7,157,48117,0,0
254.8,157,48085,0,0
254.9,157,48026,1,1
255,157,48060,0,0
255.1,156,47933,1,0
255.2,156,47669,0,0
255.3,156,47463,0,0
255.4,155,47212,1,0
255.5,155,47035,0,0
255.6,155,46782,0,0
255.7,154,46558,1,0
255.8,154,46335,0,0
255.9,155,45921,0,1
256,156,45712,0,1
256.1,155,45728,1,0
256.2,155,45442,0,0
256.3,155,45459,0,0
256.4,155,45312,0,0
256.5,155,45191,0,0
256.6,154,45128,1,0
256.7,154,45009,0,0
256.8,154,44946,0,0
256.9,155,44865,0,1
257,155,44949,0,0
257.1,156,44856,0,1
257.2,156,44891,0,0
257.3,156,44676,0,0
257.4,156,44557,0,0
257.5,154,44469,2,0
257.6,154,44489,0,0
257.7,154,44445,0,0
257.8,154,44411,0,0
257.9,155,44222,0,1
258,155,44030,0,0
258.1,155,44018,0,0
258.2,155,43938,0,0
258.3,155,43742,0,0
258.4,155,43565,0,0
258.5,154,43439,1,0
258.6,154,43307,0,0
258.7,154,43245,0,0
258.8,154,43110,0,0
258.9,154,43086,0,0
259,154,43233,0,0
259.1,154,43353,0,0
259.2,154,43291,0,0
259.3,154,43425,0,0
259.4,155,43557,0,1
259.5,155,43689,0,0
259.6,155,43902,0,0
259.7,155,44144,0,0
259.8,155,44559,0,0
259.9,155,44997,0,0
260,155,45378,0,0
260.1,155,45868,0,0
260.2,155,46359,0,0
260.3,155,46853,0,0
260.4,155,47271,0,0
260.5,155,47795,0,0
260.6,156,48167,0,1
260.7,156,48772,0,0
260.8,156,49022,0,0
260.9,156,49414,0,0
261,156,49832,0,0
261.1,156,50208,0,0
261.2,156,50289,0,0
261.3,155,50490,1,0
261.4,155,50674,0,0
261.5,154,50868,1,0
261.6,154,50815,0,0
261.7,154,50933,0,0
261.8,154,50968,0,0
261.9,154,50801,0,0
262,154,50744,0,0
262.1,154,50611,0,0
262.2,154,50621,0,0
262.3,154,50596,0,0
262.4,154,50417,0,0
262.5,154,50326,0,0
262.6,154,50214,0,0
262.7,154,50354,1,1
262.8,154,50194,0,0
262.9,153,49966,1,0
263,153,49773,0,0
263.1,153,49503,0,0
263.2,153,49386,0,0
263.3,153,49226,0,0
263.4,153,48891,0,0
263.5,153,48585,0,0
263.6,153,48313,0,0
263.7,154,48242,0,1
263.8,154,48136,0,0
263.9,154,47890,0,0
264,153,47750,1,0
264.1,153,47768,0,0
264.2,153,47716,0,0
264.3,153,47559,0,0
264.4,153,47439,0,0
264.5,153,47492,0,0
264.6,153,47372,0,0
264.7,153,47191,0,0
264.8,153,47396,0,0
264.9,153,47440,0,0
265,153,47563,0,0
265.1,153,47644,0,0
265.2,153,47611,0,0
265.3,153,47576,0,0
265.4,152,47368,1,0
265.5,152,47240,0,0
265.6,152,47184,0,0
265.7,152,47129,0,0
265.8,152,46845,0,0
265.9,152,46690,0,0
266,152,46584,0,0
266.1,152,46344,0,0
266.2,152,45986,1,1
266.3,151,45804,1,0
266.4,152,45445,0,1
266.5,152,45187,0,0
266.6,152,45122,0,0
266.7,152,44927,0,0
266.8,152,44758,0,0
266.9,152,44450,0,0
267,152,44214,0,0
267.1,152,44211,0,0
267.2,152,44071,0,0
267.3,152,43879,0,0
267.4,152,43855,0,0
267.5,152,43658,0,0
267.6,152,43623,0,0
267.7,151,43491,1,0
267.8,153,43459,0,2
267.9,153,43485,0,0
268,153,43438,0,0
268.1,152,43467,1,0
268.2,152,43204,0,0
268.3,152,43068,0,0
268.4,152,43202,0,0
268.5,153,43154,0,1
268.6,153,43160,0,0
268.7,154,42883,0,1
268.8,154,42910,0,0
268.9,154,42763,0,0
269,154,42798,0,0
269.1,154,42878,0,0
269.2,154,42898,0,0
269.3,154,42911,0,0
269.4,153,43005,1,0
269.5,153,43077,0,0
269.6,153,43032,0,0
269.7,153,43094,0,0
269.8,153,43262,0,0
269.9,153,43384,0,0
270,153,43500,0,0
270.1,153,43621,0,0
270.2,153,43867,0,0
270.3,154,43951,0,1
270.4,154,44257,0,0
270.5,154,44374,0,0
270.6,153,44677,1,0
270.7,153,44840,0,0
270.8,153,44973,0,0
270.9,153,45120,0,0
271,154,45499,0,1
271.1,154,45872,0,0
271.2,154,46255,0,0
271.3,154,46522,0,0
271.4,154,46898,0,0
271.5,154,47464,0,0
271.6,155,47825,0,1
271.7,155,48165,0,0
271.8,155,48540,0,0
271.9,155,48917,0,0
272,156,49362,0,1
272.1,156,49755,0,0
272.2,156,50017,0,0
272.3,156,50270,0,0
272.4,155,50572,1,0
272.5,155,50774,0,0
272.6,155,51140,0,0
272.7,155,51456,0,0
272.8,155,51571,0,0
272.9,155,51636,0,0
273,155,51574,0,0
273.1,155,51546,0,0
273.2,154,51392,1,0
273.3,153,51197,1,0
273.4,153,51112,0,0
273.5,153,50862,0,0
273.6,153,50706,0,0
273.7,153,50360,0,0
273.8,153,50215,0,0
273.9,153,49891,0,0
274,153,49498,0,0
274.1,153,49156,0,0
274.2,153,48791,0,0
274.3,153,48543,0,0
274.4,154,48219,0,1
274.5,154,47819,0,0
274.6,155,47466,0,1
274.7,155,47110,0,0
274.8,154,46858,1,0
274.9,154,46540,0,0
275,154,46118,0,0
275.1,154,45995,0,0
275.2,154,45841,0,0
275.3,154,45622,0,0
275.4,154,45580,0,0
275.5,153,45378,1,0
275.6,153,45510,0,0
275.7,152,45647,1,0
275.8,152,45749,0,0
275.9,152,45890,0,0
276,152,46156,0,0
276.1,152,46352,0,0
276.2,152,46710,0,0
276.3,152,46938,0,0
276.4,152,47187,0,0
276.5,152,47439,0,0
276.6,152,47605,0,0
276.7,152,48011,0,0
276.8,152,48144,0,0
276.9,152,48218,0,0
277,152,48250,0,0
277.1,152,48273,0,0
277.2,152,48321,0,0
277.3,152,48386,0,0
277.4,152,48263,0,0
277.5,152,48176,0,0
277.6,152,48021,0,0
277.7,152,47884,0,0
277.8,152,47911,0,0
277.9,152,47797,0,0
278,152,47726,0,0
278.1,152,47708,0,0
278.2,152,47652,0,0
278.3,152,47390,0,0
278.4,152,47357,0,0
278.5,152,47400,0,0
278.6,152,47099,0,0
278.7,152,47007,0,0
278.8,152,46883,0,0
278.9,152,46557,0,0
279,152,46298,0,0
279.1,152,46055,0,0
279.2,152,45882,0,0
279.3,152,45627,0,0
279.4,152,45417,0,0
279.5,151,45165,1,0
279.6,152,44913,0,1
279.7,152,44603,0,0
279.8,152,44232,0,0
279.9,152,44039,0,0
280,152,43748,0,0
280.1,153,43376,0,1
280.2,153,43217,0,0
280.3,153,42966,0,0
280.4,153,42655,0,0
280.5,153,42394,0,0
280.6,152,42086,1,0
280.7,153,41830,0,1
280.8,153,41627,0,0
280.9,153,41565,0,0
281,153,41457,0,0
281.1,153,41286,0,0
281.2,153,41329,0,0
281.3,153,41279,0,0
281.4,153,41188,0,0
281.5,153,41095,0,0
281.6,153,40979,0,0
281.7,154,40880,0,1
281.8,154,40740,0,0
281.9,154,40693,0,0
282,154,40696,0,0
282.1,154,40651,0,0
282.2,154,40639,0,0
282.3,154,40638,0,0
282.4,154,40474,0,0
282.5,155,40493,0,1
282.6,155,40436,0,0
282.7,155,40451,0,0
282.8,155,40452,0,0
282.9,155,40345,0,0
283,155,40369,0,0
283.1,155,40397,0,0
283.2,155,40431,0,0
283.3,156,40326,0,1
283.4,156,40515,1,1
283.5,156,40588,0,0
283.6,156,40620,0,0
283.7,156,40739,0,0
283.8,157,40793,0,1
283.9,157,41021,0,0
284,157,41279,0,0
284.1,157,41444,0,0
284.2,157,41493,0,0
284.3,156,41686,1,0
284.4,156,41918,0,0
284.5,156,42178,0,0
284.6,156,42290,0,0
284.7,156,42421,0,0
284.8,156,42715,0,0
284.9,156,42961,0,0
285,156,43164,0,0
285.1,156,43407,0,0
285.2,156,43498,0,0
285.3,156,43858,0,0
285.4,156,44122,0,0
285.5,156,44182,0,0
285.6,156,44227,0,0
285.7,156,44442,0,0
285.8,156,44542,0,0
285.9,156,44770,0,0
286,156,44552,0,0
286.1,156,44648,0,0
286.2,156,44558,0,0
286.3,157,44401,0,1
286.4,157,44502,0,0
286.5,157,44518,0,0
286.6,158,44701,0,1
286.7,158,44848,0,0
286.8,158,44973,0,0
286.9,158,45339,0,0
287,158,45688,0,0
287.1,158,46215,0,0
287.2,158,46796,0,0
287.3,158,47239,0,0
287.4,157,47780,1,0
287.5,157,48292,0,0
287.6,157,48918,0,0
287.7,158,49433,0,1
287.8,158,49981,0,0
287.9,159,50580,0,1
288,160,51255,0,1
288.1,159,51864,1,0
288.2,159,52374,0,0
288.3,159,52639,0,0
288.4,159,53015,0,0
288.5,159,53449,0,0
288.6,159,53802,0,0
288.7,159,54067,0,0
288.8,159,54356,0,0
288.9,159,54392,0,0
289,159,54577,0,0
289.1,159,54877,0,0
289.2,159,55106,0,0
289.3,159,55350,0,0
289.4,158,55533,1,0
289.5,158,55849,0,0
289.6,158,56118,0,0
289.7,158,56257,0,0
289.8,158,56561,0,0
289.9,158,56745,0,0
290,157,57060,1,0
290.1,157,57413,0,0
290.2,157,57677,0,0
290.3,157,57877,0,0
290.4,157,58253,0,0
290.5,157,58418,0,0
290.6,158,58687,0,1
290.7,158,58837,0,0
290.8,158,58929,0,0
290.9,158,58924,0,0
291,157,58962,1,0
291.1,158,58734,0,1
291.2,158,58557,0,0
291.3,158,58309,0,0
291.4,158,57935,0,0
291.5,158,57573,0,0
291.6,158,57220,0,0
291.7,158,56921,0,0
291.8,158,56573,0,0
291.9,157,56460,1,0
292,158,56177,0,1
292.1,158,55877,0,0
292.2,158,55597,0,0
292.3,158,55252,0,0
292.4,159,55160,0,1
292.5,159,54847,0,0
292.6,158,54578,1,0
292.7,158,54378,0,0
292.8,158,54345,0,0
292.9,158,54248,0,0
293,158,54137,0,0
293.1,158,54028,0,0
293.2,158,53844,0,0
293.3,158,53666,0,0
293.4,159,53576,0,1
293.5,159,53435,0,0
293.6,159,53075,0,0
293.7,159,52877,0,0
293.8,159,52712,0,0
293.9,159,52572,0,0
294,159,52399,0,0
294.1,159,52274,0,0
294.2,158,52071,1,0
294.3,158,51810,0,0
294.4,158,51667,0,0
294.5,158,51506,0,0
294.6,158,51388,0,0
294.7,158,51355,0,0
294.8,158,51325,0,0
294.9,158,51537,0,0
295,158,51429,0,0
295.1,158,51518,0,0
295.2,158,51683,0,0
295.3,158,51762,0,0
295.4,158,51782,0,0
295.5,158,51631,0,0
295.6,158,51621,0,0
295.7,158,51633,0,0
295.8,158,51554,0,0
295.9,158,51359,0,0
296,158,51253,0,0
296.1,158,51208,0,0
296.2,159,51031,0,1
296.3,158,50738,1,0
296.4,158,50505,0,0
296.5,159,50097,0,1
296.6,159,49914,0,0
296.7,160,49669,0,1
296.8,160,49339,0,0
296.9,160,49082,0,0
297,160,48741,0,0
297.1,160,48348,0,0
297.2,160,48163,0,0
297.3,162,47891,0,2
297.4,162,47823,0,0
297.5,162,47559,0,0
297.6,162,47519,0,0
297.7,163,47241,0,1
297.8,163,46898,0,0
297.9,163,46656,0,0
298,163,46328,0,0
298.1,163,46083,0,0
298.2,163,45825,0,0
298.3,163,45600,0,0
298.4,163,45313,0,0
298.5,163,45103,0,0
298.6,163,44711,0,0
298.7,163,44333,0,0
298.8,163,43997,0,0
298.9,164,43803,0,1
299,164,43523,0,0
299.1,164,43337,0,0
299.2,164,43013,0,0
299.3,164,42898,0,0
299.4,164,42600,0,0
299.5,164,42406,0,0
299.6,164,42394,0,0
299.7,163,42263,1,0
299.8,163,42304,0,0
299.9,163,42418,0,0
300,163,42342,0,0
300.1,164,42398,0,1
300.2,164,42611,0,0
300.3,163,42793,1,0
300.4,163,42996,0,0
300.5,162,43382,1,0
300.6,162,43849,0,0
300.7,162,44334,0,0
300.8,163,44787,0,1
300.9,163,45228,0,0
301,162,45589,1,0
301.1,162,46057,0,0
301.2,162,46635,0,0
301.3,162,47193,0,0
301.4,162,47934,0,0
301.5,162,48661,0,0
301.6,162,49225,0,0
301.7,162,49745,0,0
301.8,161,50389,1,0
301.9,161,51024,1,1
302,161,51663,0,0
302.1,161,52251,0,0
302.2,161,52676,0,0
302.3,161,53236,0,0
302.4,161,53730,0,0
302.5,161,53960,0,0
302.6,161,54399,0,0
302.7,161,54747,0,0
302.8,162,55172,0,1
302.9,162,55410,0,0
303,162,55678,0,0
303.1,162,55875,0,0
303.2,162,56047,0,0
303.3,162,56093,0,0
303.4,163,56048,0,1
303.5,163,55843,0,0
303.6,162,55667,1,0
303.7,162,55278,0,0
303.8,162,54938,0,0
303.9,162,54562,0,0
304,162,54118,0,0
304.1,162,53641,0,0
304.2,163,53266,0,1
304.3,163,52732,0,0
304.4,163,52393,0,0
304.5,163,51887,0,0
304.6,163,51318,0,0
304.7,163,50861,0,0
304.8,163,50385,0,0
304.9,163,50017,0,0
305,161,49577,2,0
305.1,161,49248,0,0
305.2,161,48903,0,0
305.3,161,48556,0,0
305.4,162,48262,0,1
305.5,162,48146,0,0
305.6,161,47984,1,0
305.7,161,47749,0,0
305.8,161,47666,0,0
305.9,161,47686,0,0
306,161,47801,0,0
306.1,161,48048,0,0
306.2,161,48296,0,0
306.3,161,48564,0,0
306.4,161,48900,0,0
306.5,161,49358,0,0
306.6,161,49748,0,0
306.7,163,50213,0,2
306.8,163,50548,0,0
306.9,162,50794,1,0
307,162,51084,0,0
307.1,162,51187,0,0
307.2,162,51465,0,0
307.3,162,51570,0,0
307.4,162,51778,0,0
307.5,161,51789,1,0
307.6,160,51934,1,0
307.7,160,51847,0,0
307.8,160,51678,0,0
307.9,160,51522,0,0
308,160,51167,0,0
308.1,160,50998,0,0
308.2,161,50684,0,1
308.3,161,50450,0,0
308.4,161,50148,0,0
308.5,160,49679,1,0
308.6,160,49468,0,0
308.7,160,49148,0,0
308.8,160,48820,0,0
308.9,160,48528,0,0
309,160,48365,0,0
309.1,160,48180,0,0
309.2,160,47907,0,0
309.3,159,47785,1,0
309.4,160,47568,0,1
309.5,160,47383,0,0
309.6,160,47220,0,0
309.7,160,47083,0,0
309.8,160,47077,0,0
309.9,160,47058,0,0
310,160,47253,0,0
310.1,161,47347,0,1
310.2,161,47407,0,0
310.3,161,47550,0,0
310.4,161,47677,0,0
310.5,161,47856,0,0
310.6,160,48079,1,0
310.7,160,48468,0,0
310.8,160,48866,0,0
310.9,159,49100,1,0
311,160,49359,0,1
311.1,160,49598,0,0
311.2,160,49964,0,0
311.3,159,50193,1,0
311.4,159,50180,0,0
311.5,159,50387,0,0
311.6,159,50501,0,0
311.7,160,50603,0,1
311.8,160,50762,0,0
311.9,160,50802,0,0
312,160,50868,0,0
312.1,160,51023,0,0
312.2,160,51114,0,0
312.3,160,51281,0,0
312.4,160,51168,0,0
312.5,160,51156,0,0
312.6,160,51070,0,0
312.7,160,50880,0,0
312.8,160,50934,0,0
312.9,160,50965,0,0
313,160,50869,0,0
313.1,161,50502,0,1
313.2,161,50266,0,0
313.3,161,50092,0,0
313.4,161,49993,0,0
313.5,160,49885,1,0
313.6,161,49729,0,1
313.7,161,49601,0,0
313.8,161,49613,0,0
313.9,161,49398,0,0
314,161,49583,0,0
314.1,161,49426,0,0
314.2,161,49282,0,0
314.3,161,49222,0,0
314.4,161,49166,0,0
314.5,161,49157,0,0
314.6,161,49182,0,0
314.7,161,49299,0,0
314.8,161,49436,0,0
314.9,161,49402,0,0
315,161,49418,0,0
315.1,161,49351,0,0
315.2,160,49312,1,0
315.3,160,49250,0,0
315.4,160,49188,0,0
315.5,160,49233,0,0
315.6,160,49138,0,0
315.7,160,49113,0,0
315.8,160,49110,0,0
315.9,160,49094,0,0
316,160,49130,0,0
316.1,161,49051,0,1
316.2,161,48882,0,0
316.3,161,48589,0,0
316.4,161,48164,0,0
316.5,160,47971,1,0
316.6,160,47694,0,0
316.7,160,47384,0,0
316.8,160,47153,0,0
316.9,159,46902,1,0
317,159,46634,0,0
317.1,159,46350,0,0
317.2,159,46159,0,0
317.3,159,46006,0,0
317.4,159,45749,0,0
317.5,159,45508,0,0
317.6,159,45247,0,0
317.7,159,45228,0,0
317.8,158,45170,1,0
317.9,158,45202,0,0
318,158,45167,0,0
318.1,158,44983,0,0
318.2,158,44828,0,0
318.3,158,44935,0,0
318.4,158,44853,0,0
318.5,157,44792,1,0
318.6,157,44715,0,0
318.7,157,44687,0,0
318.8,157,44560,0,0
318.9,157,44581,0,0
319,157,44504,0,0
319.1,156,44478,1,0
319.2,156,44394,0,0
319.3,156,44325,0,0
319.4,155,44175,1,0
319.5,155,44113,0,0
319.6,155,43934,0,0
319.7,155,43746,0,0
319.8,155,43598,0,0
319.9,155,43571,0,0
320,155,43213,0,0
320.1,155,43014,0,0
320.2,155,42875,0,0
320.3,155,42730,0,0
320.4,155,42606,0,0
320.5,155,42549,0,0
320.6,155,42522,0,0
320.7,155,42506,0,0
320.8,155,42523,0,0
320.9,155,42495,0,0
321,155,42423,0,0
321.1,155,42524,0,0
321.2,155,42569,0,0
321.3,155,42590,0,0
321.4,156,42631,0,1
321.5,156,42452,0,0
321.6,156,42590,0,0
321.7,156,42545,0,0
321.8,156,42616,0,0
321.9,157,42601,0,1
322,157,42716,0,0
322.1,157,42787,0,0
322.2,157,43039,0,0
322.3,157,43120,0,0
322.4,157,43316,0,0
322.5,157,43459,0,0
322.6,155,43521,2,0
322.7,155,43702,0,0
322.8,155,43833,0,0
322.9,154,43937,1,0
323,154,44074,0,0
323.1,155,44205,0,1
323.2,155,44216,0,0
323.3,155,44374,0,0
323.4,155,44519,0,0
323.5,155,44475,0,0
323.6,155,44380,0,0
323.7,155,44506,0,0
323.8,155,44517,0,0
323.9,155,44431,0,0
324,155,44246,0,0
324.1,153,44221,3,1
324.2,153,44143,0,0
324.3,153,43992,0,0
324.4,153,43898,0,0
324.5,153,43687,0,0
324.6,153,43522,0,0
324.7,153,43366,0,0
324.8,153,43199,0,0
324.9,153,43209,0,0
325,153,43215,0,0
325.1,153,43188,0,0
325.2,153,43169,0,0
325.3,153,43064,0,0
325.4,153,43106,0,0
325.5,153,43069,0,0
325.6,153,43040,0,0
325.7,153,43062,0,0
325.8,153,42965,0,0
325.9,153,42793,0,0
326,154,42718,0,1
326.1,154,42738,0,0
326.2,153,42756,1,0
326.3,153,42782,0,0
326.4,153,42739,0,0
326.5,153,42475,0,0
326.6,153,42489,0,0
326.7,153,42530,0,0
326.8,153,42503,0,0
326.9,153,42502,0,0
327,153,42530,0,0
327.1,153,42670,0,0
327.2,152,42596,1,0
327.3,153,42564,0,1
327.4,152,42675,1,0
327.5,152,42791,0,0
327.6,152,42844,0,0
327.7,152,42845,0,0
327.8,152,42978,0,0
327.9,152,42998,0,0
328,152,43050,0,0
328.1,152,43087,0,0
328.2,152,43325,0,0
328.3,152,43495,0,0
328.4,153,43685,0,1
328.5,153,43964,0,0
328.6,153,44168,0,0
328.7,153,44270,0,0
328.8,153,44539,0,0
328.9,153,44866,0,0
329,153,45050,0,0
329.1,153,45392,0,0
329.2,152,45737,1,0
329.3,152,46010,0,0
329.4,152,46265,0,0
329.5,152,46592,0,0
329.6,151,46859,1,0
329.7,151,47081,0,0
329.8,151,47203,0,0
329.9,151,47285,0,0
330,151,47468,0,0
330.1,151,47705,0,0
330.2,151,47735,0,0
330.3,151,47935,0,0
330.4,151,47909,0,0
330.5,151,47842,0,0
330.6,151,47677,0,0
330.7,151,47538,0,0
330.8,151,47517,0,0
330.9,151,47705,0,0
331,151,47437,0,0
331.1,151,47030,0,0
331.2,151,46828,0,0
331.3,151,46599,0,0
331.4,151,46315,0,0
331.5,151,46046,0,0
331.6,151,45859,0,0
331.7,151,45630,0,0
331.8,151,45467,0,0
331.9,151,45418,0,0
332,151,45201,0,0
332.1,151,44970,0,0
332.2,151,44781,0,0
332.3,151,44585,0,0
332.4,151,44459,0,0
332.5,151,44533,0,0
332.6,151,44485,0,0
332.7,151,44522,0,0
332.8,151,44434,0,0
332.9,151,44349,0,0
333,151,44276,0,0
333.1,151,44083,0,0
333.2,151,44220,0,0
333.3,151,44216,0,0
333.4,151,44202,0,0
333.5,151,44403,0,0
333.6,151,44435,0,0
333.7,152,44453,0,1
333.8,151,44462,1,0
333.9,151,44350,0,0
334,151,44308,0,0
334.1,151,44278,0,0
334.2,151,44324,0,0
334.3,152,44311,0,1
334.4,152,44303,0,0
334.5,152,44221,0,0
334.6,152,44175,0,0
334.7,151,44070,1,0
334.8,151,44055,0,0
334.9,151,43773,0,0
335,151,43712,0,0
335.1,151,43575,0,0
335.2,152,43369,0,1
335.3,152,43257,0,0
335.4,152,43139,0,0
335.5,152,43173,0,0
335.6,151,42907,1,0
335.7,151,42607,0,0
335.8,151,42440,0,0
335.9,151,42291,0,0
336,151,42188,0,0
336.1,151,42057,0,0
336.2,151,42194,0,0
336.3,151,42064,0,0
336.4,151,42000,0,0
336.5,151,41916,0,0
336.6,151,41880,0,0
336.7,151,41819,0,0
336.8,151,41873,0,0
336.9,151,42030,0,0
337,151,42063,0,0
337.1,151,41963,0,0
337.2,151,41983,0,0
337.3,151,42002,0,0
337.4,151,42146,0,0
337.5,150,42098,1,0
337.6,150,41992,0,0
337.7,150,41902,0,0
337.8,150,41857,0,0
337.9,150,41712,0,0
338,150,41795,0,0
338.1,150,41770,0,0
338.2,150,41881,0,0
338.3,151,41923,0,1
338.4,151,41987,0,0
338.5,151,42017,0,0
338.6,151,42197,0,0
338.7,151,42258,0,0
338.8,151,42183,0,0
338.9,152,42169,0,1
339,152,42211,0,0
339.1,152,42139,0,0
339.2,152,42187,0,0
339.3,152,42317,0,0
339.4,152,42375,0,0
339.5,152,42664,0,0
339.6,152,42638,0,0
339.7,152,42774,0,0
339.8,153,42884,0,1
339.9,153,43151,0,0
340,152,43442,1,0
340.1,152,43644,0,0
340.2,152,43702,0,0
340.3,152,43650,0,0
340.4,152,43950,0,0
340.5,152,43883,0,0
340.6,152,44111,0,0
340.7,152,44300,0,0
340.8,152,44407,0,0
340.9,152,44325,0,0
341,152,44431,0,0
341.1,152,44399,0,0
341.2,152,44486,0,0
341.3,153,44587,0,1
341.4,151,44737,2,0
341.5,151,44761,0,0
341.6,151,44621,0,0
341.7,151,44692,0,0
341.8,151,44698,0,0
341.9,151,44661,0,0
342,151,44663,0,0
342.1,151,44819,0,0
342.2,151,44652,0,0
342.3,151,44656,0,0
342.4,151,44745,0,0
342.5,151,44849,0,0
342.6,151,44884,0,0
342.7,151,45083,0,0
342.8,151,45178,0,0
342.9,151,45396,0,0
343,151,45506,0,0
343.1,151,45786,0,0
343.2,151,46047,0,0
343.3,151,46322,0,0
343.4,151,46482,0,0
343.5,151,46769,0,0
343.6,151,47137,0,0
343.7,152,47249,0,1
343.8,152,47507,0,0
343.9,152,47528,0,0
344,152,47472,0,0
344.1,152,47532,0,0
344.2,152,47403,0,0
344.3,152,47318,0,0
344.4,152,47320,0,0
344.5,152,47306,0,0
344.6,152,47349,0,0
344.7,152,47149,0,0
344.8,152,47054,0,0
344.9,152,46947,0,0
345,152,46730,0,0
345.1,152,46616,0,0
345.2,152,46457,0,0
345.3,152,46295,0,0
345.4,152,46097,0,0
345.5,152,45781,0,0
345.6,153,45413,0,1
345.7,153,45209,0,0
345.8,153,45037,0,0
345.9,153,44834,0,0
346,153,44521,0,0
346.1,153,44137,0,0
346.2,152,43899,1,0
346.3,152,43739,0,0
346.4,152,43534,0,0
346.5,152,43488,0,0
346.6,152,43279,0,0
346.7,152,43176,0,0
346.8,152,43086,0,0
346.9,152,42957,0,0
347,153,42973,0,1
347.1,153,42847,0,0
347.2,153,42874,0,0
347.3,153,42958,0,0
347.4,153,43001,0,0
347.5,153,42936,0,0
347.6,153,42991,0,0
347.7,153,43044,0,0
347.8,153,43228,0,0
347.9,155,43329,0,2
348,155,43661,0,0
348.1,155,43710,0,0
348.2,156,43812,0,1
348.3,157,44019,0,1
348.4,156,44348,1,0
348.5,156,44564,0,0
348.6,156,44773,0,0
348.7,156,45015,0,0
348.8,156,45282,0,0
348.9,156,45468,0,0
349,157,45665,0,1
349.1,157,45912,0,0
349.2,157,46139,0,0
349.3,157,46420,0,0
349.4,157,46739,0,0
349.5,157,46995,0,0
349.6,158,47264,0,1
349.7,158,47567,1,1
349.8,158,47893,0,0
349.9,159,48145,0,1
350,159,48317,0,0
350.1,159,48489,0,0
350.2,159,48724,0,0
350.3,160,48579,0,1
350.4,160,48571,0,0
350.5,158,48484,2,0
350.6,158,48381,0,0
350.7,158,48393,0,0
350.8,159,48350,0,1
350.9,159,48331,0,0
351,159,48277,0,0
351.1,159,48154,0,0
351.2,159,47899,0,0
351.3,159,47837,0,0
351.4,159,47810,0,0
351.5,159,47809,0,0
351.6,159,47614,0,0
351.7,159,47618,0,0
351.8,158,47735,1,0
351.9,160,47741,0,2
352,160,47979,0,0
352.1,160,48095,0,0
352.2,161,48265,1,2
352.3,160,48523,1,0
352.4,160,48830,0,0
352.5,160,49014,0,0
352.6,160,49487,0,0
352.7,161,49923,0,1
352.8,162,50266,0,1
352.9,162,50682,0,0
353,162,51262,0,0
353.1,162,51649,0,0
353.2,160,52193,2,0
353.3,160,52602,0,0
353.4,160,52979,0,0
353.5,160,53348,0,0
353.6,160,53882,0,0
353.7,160,54116,0,0
353.8,159,54447,1,0
353.9,159,54770,0,0
354,159,54893,0,0
354.1,159,55249,0,0
354.2,159,55334,0,0
354.3,159,55515,0,0
354.4,160,55778,0,1
354.5,161,55752,0,1
354.6,161,55658,0,0
354.7,161,55526,0,0
354.8,161,55495,0,0
354.9,162,55434,0,1
355,162,55343,0,0
355.1,162,55224,0,0
355.2,162,54999,0,0
355.3,163,54705,0,1
355.4,163,54520,0,0
355.5,162,54342,1,0
355.6,162,54009,0,0
355.7,162,53486,0,0
355.8,162,53145,0,0
355.9,162,52831,0,0
356,161,52527,1,0
356.1,162,52421,0,1
356.2,162,52157,0,0
356.3,162,51945,0,0
356.4,162,51786,0,0
356.5,161,51571,1,0
356.6,161,51370,0,0
356.7,161,51183,0,0
356.8,161,51080,0,0
356.9,161,51120,0,0
357,161,51021,1,1
357.1,161,51023,0,0
357.2,161,50924,0,0
357.3,161,51019,0,0
357.4,161,50921,0,0
357.5,161,50997,0,0
357.6,161,50816,0,0
357.7,160,50788,1,0
357.8,160,50504,0,0
357.9,160,50258,0,0
358,160,50176,0,0
358.1,160,50041,0,0
358.2,160,49880,0,0
358.3,160,49914,0,0
358.4,160,49788,0,0
358.5,160,49759,0,0
358.6,160,49831,0,0
358.7,160,50058,0,0
358.8,160,50128,0,0
358.9,160,50583,0,0
359,160,50906,0,0
359.1,160,51140,0,0
359.2,160,51404,0,0
359.3,160,51689,0,0
359.4,160,51924,0,0
359.5,160,52207,0,0
359.6,160,52561,0,0
359.7,160,52834,0,0
359.8,160,53173,0,0
359.9,160,53268,0,0
360,161,53296,0,1
360.1,161,53452,0,0
360.2,161,53489,0,0
360.3,161,53396,0,0
360.4,161,53400,0,0
360.5,161,53126,0,0
360.6,161,53001,0,0
360.7,161,52664,0,0
360.8,161,52225,0,0
360.9,161,51989,0,0
361,161,51323,0,0
361.1,161,50984,0,0
361.2,160,50543,1,0
361.3,160,49929,0,0
361.4,161,49484,0,1
361.5,161,49053,0,0
361.6,161,48828,0,0
361.7,161,48359,0,0
361.8,161,48018,0,0
361.9,161,47692,0,0
362,161,47541,0,0
362.1,161,47157,0,0
362.2,161,46970,0,0
362.3,161,46718,0,0
362.4,161,46505,0,0
362.5,161,46238,0,0
362.6,161,45844,0,0
362.7,161,45648,0,0
362.8,161,45564,0,0
362.9,163,45437,0,2
363,163,45344,0,0
363.1,163,45113,0,0
363.2,163,44981,0,0
363.3,163,44941,0,0
363.4,163,44791,0,0
363.5,163,44795,0,0
363.6,163,44732,0,0
363.7,163,44948,0,0
363.8,163,45104,0,0
363.9,163,45157,0,0
364,163,45290,0,0
364.1,163,45431,0,0
364.2,163,45569,0,0
364.3,163,45795,0,0
364.4,163,45925,0,0
364.5,163,46140,0,0
364.6,163,46348,0,0
364.7,163,46509,0,0
364.8,163,46750,0,0
364.9,162,46914,1,0
365,162,47255,0,0
365.1,161,47569,1,0
365.2,161,47743,0,0
365.3,161,47874,0,0
365.4,160,48004,1,0
365.5,161,48058,0,1
365.6,160,48055,1,0
365.7,160,48109,0,0
365.8,160,47885,0,0
365.9,161,48005,0,1
366,161,48001,0,0
366.1,161,48109,0,0
366.2,161,48098,0,0
366.3,161,48350,0,0
366.4,163,48398,0,2
366.5,163,48522,0,0
366.6,163,48682,0,0
366.7,163,48881,0,0
366.8,163,49058,0,0
366.9,163,49283,0,0
367,162,49337,1,0
367.1,162,49715,0,0
367.2,162,49980,0,0
367.3,162,50094,0,0
367.4,162,50276,0,0
367.5,162,50367,0,0
367.6,162,50276,0,0
367.7,162,50180,0,0
367.8,162,50178,0,0
367.9,162,50147,0,0
368,161,50192,1,0
368.1,161,50111,0,0
368.2,161,50047,0,0
368.3,161,49848,0,0
368.4,161,49718,0,0
368.5,161,49761,0,0
368.6,161,49519,0,0
368.7,161,49643,0,0
368.8,161,49401,0,0
368.9,161,49260,0,0
369,162,49143,0,1
369.1,162,48859,0,0
369.2,161,48694,1,0
369.3,161,48422,0,0
369.4,161,48378,0,0
369.5,161,48302,0,0
369.6,161,48137,0,0
369.7,161,47944,0,0
369.8,162,47812,0,1
369.9,162,47769,0,0
370,162,47645,0,0
370.1,162,47689,0,0
370.2,162,47812,0,0
370.3,162,47903,0,0
370.4,163,48091,0,1
370.5,164,48317,0,1
370.6,165,48583,0,1
370.7,165,48849,0,0
370.8,164,49195,1,0
370.9,164,49581,0,0
371,164,49858,0,0
371.1,164,50265,0,0
371.2,164,50330,0,0
371.3,164,50642,0,0
371.4,164,50807,0,0
371.5,163,50879,1,0
371.6,163,51111,0,0
371.7,163,51196,1,1
371.8,163,51129,0,0
371.9,163,51248,0,0
372,163,51219,0,0
372.1,163,51233,0,0
372.2,162,50996,1,0
372.3,162,50652,0,0
372.4,161,50558,1,0
372.5,160,50507,1,0
372.6,160,50441,0,0
372.7,161,50303,0,1
372.8,162,50321,0,1
372.9,162,50235,0,0
373,163,50394,0,1
373.1,162,50428,1,0
373.2,162,50481,0,0
373.3,162,50643,0,0
373.4,162,50718,0,0
373.5,162,50828,0,0
373.6,163,50862,0,1
373.7,163,51112,0,0
373.8,164,51266,0,1
373.9,164,51452,1,1
374,163,51476,1,0
374.1,162,51627,1,0
374.2,162,51800,0,0
374.3,163,51911,0,1
374.4,162,52035,1,0
374.5,162,52065,0,0
374.6,162,51958,0,0
374.7,162,51820,0,0
374.8,162,51430,0,0
374.9,162,51293,0,0
375,162,51185,0,0
375.1,162,50937,0,0
375.2,161,50859,1,0
375.3,160,50631,1,0
375.4,160,50362,0,0
375.5,160,50069,0,0
375.6,160,49958,0,0
375.7,160,49669,0,0
375.8,160,49402,0,0
375.9,160,49087,0,0
376,160,48959,0,0
376.1,160,48893,0,0
376.2,160,48710,0,0
376.3,160,48740,0,0
376.4,160,48720,0,0
376.5,160,48859,0,0
376.6,160,48874,0,0
376.7,160,48947,0,0
376.8,160,49279,0,0
376.9,160,49306,0,0
377,160,49420,0,0
377.1,161,49717,0,1
377.2,161,49988,0,0
377.3,161,50323,0,0
377.4,160,50584,1,0
377.5,160,50746,0,0
377.6,160,50993,0,0
377.7,160,51345,0,0
377.8,160,51612,0,0
377.9,161,51905,0,1
378,161,52345,0,0
378.1,161,52733,0,0
378.2,163,53044,0,2
378.3,163,53095,0,0
378.4,163,53128,0,0
378.5,163,53040,0,0
378.6,162,53107,1,0
378.7,162,52987,0,0
378.8,162,52808,0,0
378.9,162,52540,0,0
379,162,52091,0,0
379.1,162,51852,0,0
379.2,162,51516,0,0
379.3,162,51122,0,0
379.4,162,50728,0,0
379.5,162,50470,0,0
379.6,162,50100,0,0
379.7,162,49656,0,0
379.8,163,49182,0,1
379.9,163,48862,0,0
380,163,48336,0,0
380.1,163,47965,0,0
380.2,163,47684,0,0
380.3,163,47345,0,0
380.4,163,47107,0,0
380.5,164,46889,0,1
380.6,164,46734,0,0
380.7,164,46633,0,0
380.8,164,46625,0,0
380.9,164,46457,0,0
381,164,46588,0,0
381.1,165,46627,0,1
381.2,165,46825,0,0
381.3,165,47037,0,0
381.4,165,47285,0,0
381.5,165,47507,0,0
381.6,166,47802,0,1
381.7,165,48205,1,0
381.8,165,48301,0,0
381.9,165,48491,0,0
382,164,48823,1,0
382.1,164,49133,0,0
382.2,164,49178,0,0
382.3,164,49242,0,0
382.4,164,49291,0,0
382.5,164,49318,0,0
382.6,164,49319,0,0
382.7,164,49177,0,0
382.8,164,49180,0,0
382.9,164,48990,0,0
383,163,48780,1,0
383.1,163,48566,0,0
383.2,163,48325,0,0
383.3,163,48136,0,0
383.4,163,47862,0,0
383.5,163,47847,0,0
383.6,163,47727,0,0
383.7,162,47554,1,0
383.8,162,47605,0,0
383.9,162,47613,0,0
384,162,47720,0,0
384.1,162,47817,0,0
384.2,162,47823,0,0
384.3,162,48123,0,0
384.4,162,48433,0,0
384.5,162,48620,0,0
384.6,162,48845,0,0
384.7,162,49157,0,0
384.8,162,49289,0,0
384.9,162,49454,0,0
385,162,49345,0,0
385.1,162,49459,0,0
385.2,162,49483,0,0
385.3,163,49560,0,1
385.4,163,49578,0,0
385.5,163,49420,0,0
385.6,162,49212,1,0
385.7,162,49148,0,0
385.8,162,49064,0,0
385.9,162,48978,0,0
386,162,48629,0,0
386.1,162,48435,0,0
386.2,162,48272,0,0
386.3,162,47996,0,0
386.4,162,47937,0,0
386.5,162,47710,0,0
386.6,162,47484,0,0
386.7,162,47330,0,0
386.8,162,46953,0,0
386.9,162,46798,0,0
387,162,46567,0,0
387.1,161,46375,1,0
387.2,161,46158,0,0
387.3,161,46091,0,0
387.4,161,46007,0,0
387.5,161,46024,0,0
387.6,161,45896,0,0
387.7,161,45765,0,0
387.8,161,45704,0,0
387.9,161,45566,0,0
388,161,45537,0,0
388.1,161,45441,0,0
388.2,161,45434,0,0
388.3,161,45499,0,0
388.4,161,45585,0,0
388.5,161,45575,0,0
388.6,161,45710,0,0
388.7,161,45945,1,1
388.8,161,46069,0,0
388.9,161,46298,0,0
389,161,46651,0,0
389.1,161,46808,0,0
389.2,161,46860,0,0
389.3,160,46994,1,0
389.4,160,46989,0,0
389.5,160,47042,0,0
389.6,159,47103,1,0
389.7,159,47122,0,0
389.8,159,47168,0,0
389.9,159,47161,0,0
390,159,47220,0,0
390.1,158,47057,1,0
390.2,158,47202,0,0
390.3,158,47185,0,0
390.4,158,46990,0,0
390.5,158,46625,0,0
390.6,158,46434,0,0
390.7,158,46157,0,0
390.8,158,46115,0,0
390.9,158,45938,0,0
391,158,45867,0,0
391.1,158,45595,0,0
391.2,158,45675,0,0
391.3,159,45498,0,1
391.4,159,45377,0,0
391.5,159,45381,0,0
391.6,159,45274,0,0
391.7,159,45239,0,0
391.8,159,45306,0,0
391.9,159,45198,0,0
392,159,45023,0,0
392.1,159,45041,0,0
392.2,159,45027,0,0
392.3,159,44911,0,0
392.4,159,44977,0,0
392.5,159,45031,0,0
392.6,160,45037,0,1
392.7,160,45171,0,0
392.8,160,45333,0,0
392.9,160,45483,0,0
393,160,45599,0,0
393.1,158,45952,2,0
393.2,158,46276,0,0
393.3,158,46398,0,0
393.4,158,46528,0,0
393.5,158,46595,0,0
393.6,158,46834,0,0
393.7,158,46951,0,0
393.8,158,47064,0,0
393.9,158,47313,0,0
394,158,47399,0,0
394.1,158,47366,0,0
394.2,158,47426,0,0
394.3,158,47354,0,0
394.4,158,47468,0,0
394.5,159,47344,0,1
394.6,159,47360,0,0
394.7,159,47171,0,0
394.8,159,47063,0,0
394.9,159,46993,0,0
395,159,46849,0,0
395.1,160,46687,0,1
395.2,160,46600,0,0
395.3,160,46599,0,0
395.4,160,46542,0,0
395.5,160,46315,0,0
395.6,160,46292,0,0
395.7,160,46380,0,0
395.8,160,46344,0,0
395.9,160,46368,0,0
396,160,46406,0,0
396.1,160,46539,0,0
396.2,160,46611,0,0
396.3,160,46760,0,0
396.4,160,46890,0,0
396.5,161,47014,0,1
396.6,161,47180,0,0
396.7,161,47308,0,0
396.8,161,47424,0,0
396.9,161,47575,0,0
397,160,47658,1,0
397.1,160,47858,0,0
397.2,160,48118,0,0
397.3,159,48384,1,0
397.4,160,48539,0,1
397.5,160,48621,0,0
397.6,160,48801,0,0
397.7,159,48857,1,0
397.8,160,48834,0,1
397.9,160,48981,0,0
398,160,48999,0,0
398.1,159,49082,1,0
398.2,159,49474,0,0
398.3,160,49575,0,1
398.4,160,49803,0,0
398.5,160,50011,0,0
398.6,160,50229,0,0
398.7,159,50443,1,0
398.8,159,50432,0,0
398.9,159,50581,0,0
399,159,50751,0,0
399.1,159,50999,0,0
399.2,159,51163,0,0
399.3,159,51354,0,0
399.4,159,51386,0,0
399.5,159,51461,0,0
399.6,159,51348,0,0
399.7,159,51210,0,0
399.8,159,51220,0,0
399.9,159,51084,0,0
400,159,51099,0,0
400.1,159,50861,0,0
400.2,159,50681,0,0
400.3,159,50452,0,0
400.4,159,50209,0,0
400.5,159,49950,0,0
400.6,159,49633,0,0
400.7,159,49358,0,0
400.8,159,49111,0,0
400.9,158,48837,1,0
401,158,48639,0,0
401.1,158,48337,0,0
401.2,158,48014,0,0
401.3,158,47842,0,0
401.4,158,47434,0,0
401.5,158,47284,0,0
401.6,157,47051,1,0
401.7,157,46854,0,0
401.8,157,46738,0,0
401.9,156,46581,1,0
402,156,46397,0,0
402.1,157,46272,0,1
402.2,157,46117,0,0
402.3,157,46044,0,0
402.4,157,45936,0,0
402.5,157,45936,0,0
402.6,157,45931,0,0
402.7,157,45956,0,0
402.8,157,45997,0,0
402.9,157,45731,0,0
403,158,45791,0,1
403.1,158,45721,0,0
403.2,158,45580,0,0
403.3,158,45505,0,0
403.4,158,45457,0,0
403.5,158,45290,0,0
403.6,158,45196,0,0
403.7,158,45013,0,0
403.8,158,45088,0,0
403.9,158,44950,0,0
404,159,44907,0,1
404.1,159,44853,0,0
404.2,159,44795,0,0
404.3,159,44839,0,0
404.4,159,44751,0,0
404.5,159,44650,0,0
404.6,159,44524,0,0
404.7,159,44594,0,0
404.8,159,44528,0,0
404.9,159,44272,0,0
405,159,43930,0,0
405.1,159,43993,0,0
405.2,159,43803,0,0
405.3,159,43816,0,0
405.4,159,43702,0,0
405.5,160,43549,0,1
405.6,160,43542,0,0
405.7,160,43404,0,0
405.8,160,43373,0,0
405.9,160,43354,0,0
406,160,43165,0,0
406.1,160,43181,0,0
406.2,160,43150,0,0
406.3,160,43182,0,0
406.4,160,43172,0,0
406.5,160,43111,0,0
406.6,160,43080,0,0
406.7,160,43083,0,0
406.8,160,43178,0,0
406.9,160,43242,0,0
407,160,43369,0,0
407.1,161,43406,0,1
407.2,162,43452,0,1
407.3,162,43569,0,0
407.4,163,43485,0,1
407.5,163,43719,0,0
407.6,163,43858,0,0
407.7,163,43985,0,0
407.8,163,44167,0,0
407.9,164,44387,0,1
408,164,44585,0,0
408.1,164,44828,0,0
408.2,164,45151,0,0
408.3,164,45390,0,0
408.4,165,45707,0,1
408.5,165,45946,0,0
408.6,165,46209,0,0
408.7,165,46411,0,0
408.8,165,46730,0,0
408.9,165,46984,0,0
409,165,47210,0,0
409.1,165,47704,1,1
409.2,165,48025,0,0
409.3,165,48225,0,0
409.4,165,48486,0,0
409.5,165,48804,0,0
409.6,165,48781,0,0
409.7,166,48672,0,1
409.8,166,48757,0,0
409.9,166,48876,0,0
410,166,48855,0,0
410.1,166,49065,0,0
410.2,166,48950,0,0
410.3,166,48852,0,0
410.4,166,48770,0,0
410.5,165,48799,1,0
410.6,165,48707,0,0
410.7,165,48668,0,0
410.8,164,48647,1,0
410.9,164,48518,0,0
411,164,48595,0,0
411.1,164,48606,0,0
411.2,164,48714,0,0
411.3,164,48975,0,0
411.4,165,49266,0,1
411.5,165,49557,0,0
411.6,165,49940,0,0
411.7,165,50086,0,0
411.8,166,50464,0,1
411.9,166,50876,0,0
412,166,51159,0,0
412.1,166,51406,0,0
412.2,167,51780,0,1
412.3,167,52144,1,1
412.4,168,52441,0,1
412.5,168,52647,0,0
412.6,168,52804,0,0
412.7,168,52742,0,0
412.8,168,52921,0,0
412.9,168,52849,0,0
413,168,52880,0,0
413.1,168,53046,0,0
413.2,168,53085,0,0
413.3,167,53054,1,0
413.4,167,53050,0,0
413.5,167,53232,0,0
413.6,167,53061,0,0
413.7,167,53145,0,0
413.8,167,53326,0,0
413.9,167,53322,0,0
414,167,53381,0,0
414.1,167,53331,0,0
414.2,168,53374,0,1
414.3,168,53141,0,0
414.4,167,52979,1,0
414.5,167,52894,0,0
414.6,167,52683,0,0
414.7,167,52655,0,0
414.8,168,52680,0,1
414.9,168,52827,0,0
415,168,52900,0,0
415.1,167,52883,1,0
415.2,167,52811,0,0
415.3,167,52841,0,0
415.4,167,53053,0,0
415.5,167,53160,0,0
415.6,168,53304,0,1
415.7,168,53512,0,0
415.8,168,53815,0,0
415.9,168,54087,0,0
416,168,54302,0,0
416.1,168,54620,0,0
416.2,168,54821,0,0
416.3,168,55129,0,0
416.4,168,55436,0,0
416.5,168,55854,0,0
416.6,168,56177,0,0
416.7,168,56648,0,0
416.8,167,56881,1,0
416.9,167,57226,0,0
417,167,57538,0,0
417.1,167,57808,0,0
417.2,167,57988,0,0
417.3,167,58376,0,0
417.4,167,58706,0,0
417.5,168,58866,0,1
417.6,168,59047,0,0
417.7,168,59211,0,0
417.8,168,59252,0,0
417.9,168,59308,0,0
418,168,59212,0,0
418.1,168,59232,0,0
418.2,168,59289,0,0
418.3,168,59061,0,0
418.4,168,59000,0,0
418.5,168,58950,0,0
418.6,168,58816,0,0
418.7,169,58467,0,1
418.8,170,57933,0,1
418.9,170,57523,0,0
419,170,57252,1,1
419.1,170,56826,0,0
419.2,170,56478,0,0
419.3,170,56008,0,0
419.4,170,55502,0,0
419.5,170,55228,0,0
419.6,170,54849,0,0
419.7,170,54404,0,0
419.8,169,54060,1,0
419.9,169,53654,0,0
420,169,53278,0,0
420.1,169,52853,0,0
420.2,169,52405,0,0
420.3,168,51989,1,0
420.4,168,51717,0,0
420.5,168,51442,0,0
420.6,168,51123,0,0
420.7,168,50945,0,0
420.8,168,50657,0,0
420.9,168,50425,0,0
421,168,50175,0,0
421.1,168,49942,0,0
421.2,169,50111,0,1
421.3,169,50031,0,0
421.4,169,50033,0,0
421.5,169,49947,0,0
421.6,169,49709,0,0
421.7,168,49621,1,0
421.8,168,49719,0,0
421.9,168,49932,0,0
422,168,50159,0,0
422.1,168,49966,0,0
422.2,168,50007,0,0
422.3,168,50173,0,0
422.4,168,50223,0,0
422.5,168,50330,0,0
422.6,168,50402,0,0
422.7,168,50645,0,0
422.8,168,50777,0,0
422.9,168,50913,0,0
423,168,50895,0,0
423.1,168,51004,0,0
423.2,168,51067,0,0
423.3,168,51160,0,0
423.4,169,51028,0,1
423.5,169,50969,0,0
423.6,169,50584,0,0
423.7,169,50539,0,0
423.8,167,50473,2,0
423.9,167,50253,0,0
424,168,50035,0,1
424.1,168,49865,0,0
424.2,168,49453,0,0
424.3,167,49242,1,0
424.4,167,49011,0,0
424.5,166,48703,1,0
424.6,166,48438,0,0
424.7,166,48223,0,0
424.8,166,47995,0,0
424.9,166,47714,0,0
425,166,47619,0,0
425.1,166,47316,0,0
425.2,166,47108,0,0
425.3,166,46807,0,0
425.4,166,46638,0,0
425.5,165,46479,1,0
425.6,165,46276,0,0
425.7,165,46092,0,0
425.8,165,46101,0,0
425.9,166,46104,0,1
426,166,46100,0,0
426.1,166,45951,0,0
426.2,166,45804,0,0
426.3,166,45691,0,0
426.4,166,45707,0,0
426.5,166,45644,0,0
426.6,166,45615,0,0
426.7,166,45549,0,0
426.8,166,45485,0,0
426.9,166,45311,0,0
427,166,45303,0,0
427.1,166,45298,0,0
427.2,166,45293,0,0
427.3,166,45180,0,0
427.4,166,45369,0,0
427.5,166,45376,0,0
427.6,166,45275,0,0
427.7,166,45343,0,0
427.8,166,45418,0,0
427.9,166,45360,0,0
428,166,45489,0,0
428.1,166,45214,0,0
428.2,166,45136,0,0
428.3,166,45236,0,0
428.4,166,45389,0,0
428.5,168,45443,0,2
428.6,168,45490,0,0
428.7,168,45561,0,0
428.8,166,45557,2,0
428.9,166,45591,0,0
429,166,45561,0,0
429.1,166,45569,0,0
429.2,166,45748,0,0
429.3,166,45837,0,0
429.4,165,45995,1,0
429.5,165,46105,0,0
429.6,165,46170,0,0
429.7,165,46291,0,0
429.8,165,46226,0,0
429.9,165,46475,0,0
430,165,46508,0,0
430.1,166,46632,0,1
430.2,166,46725,0,0
430.3,167,46840,0,1
430.4,167,46960,0,0
430.5,168,47111,0,1
430.6,168,47095,0,0
430.7,168,47114,1,1
430.8,168,47112,0,0
430.9,168,47137,0,0
431,167,46975,1,0
431.1,167,46798,0,0
431.2,168,46779,0,1
431.3,168,46678,0,0
431.4,168,46561,0,0
431.5,168,46397,0,0
431.6,167,46441,1,0
431.7,166,46426,1,0
431.8,166,46275,0,0
431.9,166,45991,0,0
432,166,45949,0,0
432.1,166,45702,0,0
432.2,166,45625,0,0
432.3,166,45665,0,0
432.4,166,45664,0,0
432.5,166,45418,0,0
432.6,166,45294,0,0
432.7,166,45232,0,0
432.8,166,45193,0,0
432.9,166,45201,0,0
433,166,45292,0,0
433.1,166,45371,0,0
433.2,166,45408,0,0
433.3,166,45542,0,0
433.4,165,45671,1,0
433.5,165,45857,1,1
433.6,165,46039,0,0
433.7,165,46344,0,0
433.8,164,46560,1,0
433.9,165,46879,0,1
434,165,47143,0,0
434.1,164,47598,1,0
434.2,163,47988,1,0
434.3,163,48324,0,0
434.4,163,48573,0,0
434.5,164,49083,0,1
434.6,164,49646,0,0
434.7,164,50048,0,0
434.8,164,50485,0,0
434.9,164,50899,0,0
435,164,51361,0,0
435.1,164,51773,0,0
435.2,164,51935,0,0
435.3,165,52030,0,1
435.4,165,52180,0,0
435.5,165,52176,0,0
435.6,165,52245,0,0
435.7,165,52382,0,0
435.8,165,52222,0,0
435.9,165,52301,0,0
436,165,52255,0,0
436.1,165,52121,0,0
436.2,164,51751,1,0
436.3,164,51543,0,0
436.4,164,51282,0,0
436.5,164,50979,0,0
436.6,164,50738,0,0
436.7,164,50505,0,0
436.8,163,50283,1,0
436.9,163,49981,0,0
437,163,49720,0,0
437.1,163,49439,0,0
437.2,163,49200,0,0
437.3,163,48852,0,0
437.4,163,48720,0,0
437.5,163,48538,0,0
437.6,163,48607,0,0
437.7,163,48464,0,0
437.8,163,48304,0,0
437.9,163,48358,0,0
438,163,48195,0,0
438.1,163,48091,0,0
438.2,163,48055,0,0
438.3,163,48141,0,0
438.4,163,48311,0,0
438.5,163,48438,0,0
438.6,163,48537,0,0
438.7,163,48684,0,0
438.8,163,48800,0,0
438.9,163,48797,0,0
439,163,48833,0,0
439.1,163,48981,0,0
439.2,163,49258,0,0
439.3,163,49424,0,0
439.4,162,49670,1,0
439.5,162,49739,0,0
439.6,162,49740,0,0
439.7,162,49915,0,0
439.8,162,49968,0,0
439.9,162,50136,0,0
440,162,50267,0,0
440.1,162,50452,0,0
440.2,162,50479,0,0
440.3,162,50557,0,0
440.4,162,50673,0,0
440.5,162,50755,0,0
440.6,162,50753,0,0
440.7,162,50902,0,0
440.8,162,50929,0,0
440.9,162,50751,0,0
441,162,50622,0,0
441.1,162,50537,0,0
441.2,162,50495,0,0
441.3,162,50209,0,0
441.4,162,49906,0,0
441.5,162,49758,0,0
441.6,162,49500,0,0
441.7,162,49419,0,0
441.8,162,49033,0,0
441.9,162,48864,0,0
442,162,48697,0,0
442.1,162,48537,0,0
442.2,162,48359,0,0
442.3,162,48045,0,0
442.4,162,47888,0,0
442.5,162,47676,0,0
442.6,162,47557,0,0
442.7,162,47309,0,0
442.8,161,47254,1,0
442.9,161,47276,0,0
443,161,47129,0,0
443.1,161,47005,0,0
443.2,161,47012,0,0
443.3,161,47022,0,0
443.4,161,46811,0,0
443.5,161,46840,0,0
443.6,161,46797,0,0
443.7,161,46716,0,0
443.8,161,46629,0,0
443.9,161,46637,0,0
444,161,46463,0,0
444.1,162,46357,0,1
444.2,162,46283,0,0
444.3,162,46135,0,0
444.4,162,46131,0,0
444.5,162,46156,0,0
444.6,162,46144,0,0
444.7,162,46136,0,0
444.8,162,46082,0,0
444.9,163,46053,0,1
445,163,45994,0,0
445.1,163,45830,0,0
445.2,163,45638,0,0
445.3,163,45715,0,0
445.4,163,45562,0,0
445.5,163,45463,0,0
445.6,163,45415,0,0
445.7,163,45441,0,0
445.8,163,45492,0,0
445.9,163,45493,0,0
446,164,45470,0,1
446.1,164,45538,0,0
446.2,164,45547,0,0
446.3,164,45478,0,0
446.4,164,45424,0,0
446.5,164,45461,0,0
446.6,166,45560,0,2
446.7,166,45556,0,0
446.8,166,45275,0,0
446.9,166,45288,0,0
447,166,45207,0,0
447.1,166,45252,0,0
447.2,166,45261,0,0
447.3,165,45372,1,0
447.4,165,45398,0,0
447.5,165,45541,0,0
447.6,165,45582,0,0
447.7,165,45668,0,0
447.8,166,45704,0,1
447.9,165,45704,1,0
448,165,45794,0,0
448.1,165,45775,0,0
448.2,165,45974,0,0
448.3,165,45711,0,0
448.4,165,45913,0,0
448.5,165,46126,0,0
448.6,165,46425,0,0
448.7,165,46573,0,0
448.8,166,46719,0,1
448.9,166,46970,0,0
449,166,47519,1,1
449.1,166,47822,0,0
449.2,166,48099,0,0
449.3,166,48538,0,0
449.4,166,49033,0,0
449.5,165,49762,1,0
449.6,165,50405,0,0
449.7,165,51252,0,0
449.8,165,52044,0,0
449.9,165,52915,0,0
450,165,53729,0,0
450.1,165,54548,0,0
450.2,166,55403,0,1
450.3,166,56247,0,0
450.4,166,57112,0,0
450.5,166,58094,0,0
450.6,167,58809,0,1
450.7,167,59310,0,0
450.8,167,59866,0,0
450.9,167,60264,0,0
451,167,60565,0,0
451.1,167,60600,0,0
451.2,168,60705,0,1
451.3,168,60776,0,0
451.4,167,60778,1,0
451.5,166,60558,1,0
451.6,166,60139,0,0
451.7,166,59958,0,0
451.8,166,59521,0,0
451.9,166,59159,0,0
452,166,58667,0,0
452.1,166,58090,0,0
452.2,166,57613,0,0
452.3,166,57238,0,0
452.4,166,56844,0,0
452.5,167,56666,0,1
452.6,166,56342,1,0
452.7,166,56154,0,0
452.8,166,56069,0,0
452.9,166,55854,0,0
453,166,55763,0,0
453.1,166,55547,0,0
453.2,167,55608,0,1
453.3,166,55515,1,0
453.4,166,55519,0,0
453.5,166,55582,0,0
453.6,166,55463,0,0
453.7,166,55431,0,0
453.8,166,55331,0,0
453.9,166,55450,0,0
454,166,55592,0,0
454.1,167,55582,0,1
454.2,166,55543,1,0
454.3,166,55647,0,0
454.4,166,55560,0,0
454.5,167,55610,0,1
454.6,166,55694,1,0
454.7,166,55724,0,0
454.8,166,55572,0,0
454.9,166,55447,0,0
455,166,55415,0,0
455.1,167,55507,0,1
455.2,167,55406,0,0
455.3,167,55347,0,0
455.4,167,55010,0,0
455.5,167,54978,0,0
455.6,166,54728,1,0
455.7,166,54506,0,0
455.8,166,54053,0,0
455.9,167,53766,0,1
456,166,53351,1,0
456.1,166,52809,0,0
456.2,166,52397,0,0
456.3,166,51928,0,0
456.4,166,51549,0,0
456.5,166,51049,0,0
456.6,166,50665,0,0
456.7,166,50404,0,0
456.8,166,50020,0,0
456.9,166,49653,0,0
457,166,49475,0,0
457.1,166,49023,0,0
457.2,166,48604,0,0
457.3,166,48517,0,0
457.4,166,48402,0,0
457.5,166,48287,0,0
457.6,166,48098,0,0
457.7,166,48027,0,0
457.8,166,48000,0,0
457.9,166,48044,0,0
458,166,48058,0,0
458.1,166,47984,0,0
458.2,166,47911,0,0
458.3,166,47945,0,0
458.4,166,47916,0,0
458.5,166,48025,0,0
458.6,166,47987,0,0
458.7,166,48042,0,0
458.8,166,48106,0,0
458.9,166,48089,0,0
459,166,47921,0,0
459.1,166,47930,0,0
459.2,166,47877,0,0
459.3,166,47757,0,0
459.4,166,47773,0,0
459.5,166,47648,0,0
459.6,167,47546,0,1
459.7,167,47312,0,0
459.8,167,47213,0,0
459.9,167,46981,0,0
460,167,46800,0,0
460.1,167,46640,0,0
460.2,167,46475,0,0
460.3,167,46422,0,0
460.4,167,46259,0,0
460.5,167,45937,0,0
460.6,167,45936,0,0
460.7,167,45831,0,0
460.8,167,45643,0,0
460.9,167,45538,0,0
461,166,45413,1,0
461.1,166,45325,0,0
461.2,165,44996,1,0
461.3,165,44978,0,0
461.4,165,45057,0,0
461.5,165,44943,0,0
461.6,165,44794,0,0
461.7,165,44773,0,0
461.8,165,44762,0,0
461.9,165,44718,0,0
462,165,44550,0,0
462.1,165,44531,0,0
462.2,165,44461,0,0
462.3,165,44510,0,0
462.4,165,44480,0,0
462.5,165,44448,0,0
462.6,164,44552,1,0
462.7,164,44587,0,0
462.8,164,44571,0,0
462.9,164,44619,0,0
463,164,44680,0,0
463.1,164,44797,0,0
463.2,165,44966,0,1
463.3,165,45089,0,0
463.4,165,45221,0,0
463.5,165,45306,0,0
463.6,166,45556,0,1
463.7,166,45774,0,0
463.8,166,45942,0,0
463.9,166,46166,0,0
464,166,46359,0,0
464.1,167,46570,0,1
464.2,167,46887,0,0
464.3,168,47103,0,1
464.4,168,47167,0,0
464.5,168,47265,0,0
464.6,168,47394,0,0
464.7,167,47323,1,0
464.8,167,47321,0,0
464.9,167,47268,0,0
465,167,47288,0,0
465.1,166,47259,1,0
465.2,166,47110,0,0
465.3,166,47062,0,0
465.4,166,46924,0,0
465.5,166,46845,0,0
465.6,166,46687,0,0
465.7,166,46384,0,0
465.8,166,46363,0,0
465.9,166,46480,0,0
466,165,46207,1,0
466.1,165,46107,0,0
466.2,165,45962,0,0
466.3,165,45752,0,0
466.4,165,45794,0,0
466.5,165,45831,0,0
466.6,165,45824,0,0
466.7,165,45788,0,0
466.8,165,46074,0,0
466.9,165,46335,0,0
467,165,46558,0,0
467.1,165,46945,0,0
467.2,165,47291,0,0
467.3,165,47561,0,0
467.4,165,47887,0,0
467.5,164,48243,1,0
467.6,164,48904,0,0
467.7,164,49430,0,0
467.8,164,49932,0,0
467.9,164,50661,0,0
468,164,51345,0,0
468.1,164,52098,0,0
468.2,164,52779,0,0
468.3,164,53479,0,0
468.4,164,54367,0,0
468.5,164,55095,0,0
468.6,165,55745,0,1
468.7,165,56267,0,0
468.8,165,56832,0,0
468.9,165,57432,0,0
469,167,57725,0,2
469.1,166,58070,1,0
469.2,166,58223,0,0
469.3,166,58333,0,0
469.4,166,58312,0,0
469.5,166,58315,0,0
469.6,166,57934,0,0
469.7,166,57649,0,0
469.8,166,57375,0,0
469.9,166,56879,0,0
470,166,56511,0,0
470.1,166,56156,0,0
470.2,166,55798,0,0
470.3,167,55292,0,1
470.4,166,54763,1,0
470.5,166,54197,0,0
470.6,166,53797,0,0
470.7,165,53308,1,0
470.8,165,52944,0,0
470.9,165,52581,0,0
471,166,52272,0,1
471.1,166,51930,0,0
471.2,166,51643,0,0
471.3,166,51403,0,0
471.4,166,51080,0,0
471.5,166,50620,0,0
471.6,166,50360,0,0
471.7,166,50078,0,0
471.8,166,49920,0,0
471.9,166,49629,0,0
472,166,49389,0,0
472.1,166,49233,0,0
472.2,166,48988,0,0
472.3,166,48718,0,0
472.4,166,48556,0,0
472.5,165,48358,1,0
472.6,165,48373,0,0
472.7,165,48380,0,0
472.8,166,48424,0,1
472.9,166,48363,0,0
473,166,48532,0,0
473.1,166,48753,0,0
473.2,166,48863,0,0
473.3,166,49007,0,0
473.4,166,49352,0,0
473.5,166,49384,0,0
473.6,166,49533,0,0
473.7,166,49838,0,0
473.8,166,50151,0,0
473.9,166,50391,0,0
474,166,50654,0,0
474.1,166,50871,0,0
474.2,166,51204,0,0
474.3,166,51515,0,0
474.4,166,51808,0,0
474.5,166,52100,0,0
474.6,166,52323,0,0
474.7,166,52642,0,0
474.8,166,52846,0,0
474.9,166,53115,0,0
475,166,53318,0,0
475.1,166,53443,0,0
475.2,166,53462,0,0
475.3,166,53529,0,0
475.4,166,53501,0,0
475.5,166,53363,0,0
475.6,166,53301,0,0
475.7,166,53191,0,0
475.8,165,53047,1,0
475.9,165,52773,0,0
476,165,52533,0,0
476.1,165,52169,0,0
476.2,165,52004,0,0
476.3,165,51644,0,0
476.4,165,51404,0,0
476.5,165,51319,0,0
476.6,165,51191,0,0
476.7,165,50980,0,0
476.8,165,50970,0,0
476.9,165,50836,0,0
477,165,50857,0,0
477.1,165,50615,0,0
477.2,165,50453,0,0
477.3,165,50344,0,0
477.4,166,50170,0,1
477.5,166,49994,0,0
477.6,166,49689,0,0
477.7,166,49523,0,0
477.8,166,49506,0,0
477.9,166,49359,0,0
478,166,49319,0,0
478.1,166,49289,0,0
478.2,166,49136,0,0
478.3,166,48993,0,0
478.4,166,48771,0,0
478.5,166,48631,0,0
478.6,166,48418,0,0
478.7,166,48126,0,0
478.8,166,47933,0,0
478.9,166,47819,0,0
479,166,47572,0,0
479.1,166,47474,0,0
479.2,166,47210,0,0
479.3,166,47313,0,0
479.4,166,47248,0,0
479.5,166,46930,0,0
479.6,166,46968,0,0
479.7,166,46819,0,0
479.8,166,46612,0,0
479.9,166,46573,0,0
480,165,46430,1,0
480.1,165,46431,0,0
480.2,165,46278,0,0
480.3,165,46266,0,0
480.4,165,46320,0,0
480.5,165,46344,0,0
480.6,165,46306,0,0
480.7,165,46202,0,0
480.8,165,46343,0,0
480.9,165,46252,0,0
481,165,46381,0,0
481.1,165,46580,0,0
481.2,165,46691,0,0
481.3,165,46800,0,0
481.4,165,46947,0,0
481.5,165,47126,0,0
481.6,164,47366,1,0
481.7,164,47700,0,0
481.8,163,47905,1,0
481.9,163,48065,0,0
482,163,48137,0,0
482.1,164,48175,0,1
482.2,164,48266,0,0
482.3,164,48429,0,0
482.4,165,48332,0,1
482.5,166,48070,0,1
482.6,166,48004,0,0
482.7,166,47955,0,0
482.8,165,47952,1,0
482.9,165,47635,0,0
483,165,47512,0,0
483.1,165,47370,0,0
483.2,165,47181,0,0
483.3,165,46870,0,0
483.4,165,46805,0,0
483.5,166,46523,0,1
483.6,165,46424,1,0
483.7,164,46137,1,0
483.8,164,45916,0,0
483.9,164,45785,0,0
484,165,45709,0,1
484.1,165,45682,0,0
484.2,165,45648,0,0
484.3,165,45587,0,0
484.4,165,45367,0,0
484.5,165,45362,0,0
484.6,165,45180,0,0
484.7,165,45052,0,0
484.8,165,45124,0,0
484.9,164,45219,1,0
485,164,45114,0,0
485.1,164,45086,0,0
485.2,165,45094,0,1
485.3,165,45054,0,0
485.4,165,45204,0,0
485.5,166,45240,0,1
485.6,166,45255,0,0
485.7,166,45290,0,0
485.8,166,45182,0,0
485.9,167,45230,0,1
486,167,45329,0,0
486.1,167,45462,0,0
486.2,166,45654,1,0
486.3,165,45812,1,0
486.4,165,45852,0,0
486.5,165,46003,0,0
486.6,166,46285,0,1
486.7,166,46436,0,0
486.8,166,46583,0,0
486.9,166,46978,0,0
487,166,47353,0,0
487.1,166,47566,0,0
487.2,166,47834,0,0
487.3,166,47954,0,0
487.4,167,48153,0,1
487.5,167,48098,0,0
487.6,167,48237,0,0
487.7,167,48419,0,0
487.8,167,48365,0,0
487.9,167,48614,0,0
488,167,48729,0,0
488.1,167,48640,0,0
488.2,167,48714,0,0
488.3,167,48670,0,0
488.4,167,48498,0,0
488.5,168,48529,0,1
488.6,168,48452,0,0
488.7,168,48502,0,0
488.8,168,48504,0,0
488.9,168,48743,0,0
489,168,49139,0,0
489.1,167,49415,1,0
489.2,167,49671,0,0
489.3,167,50005,0,0
489.4,167,50606,0,0
489.5,167,50996,0,0
489.6,167,51591,0,0
489.7,167,52264,0,0
489.8,167,53000,0,0
489.9,167,53631,0,0
490,167,54213,0,0
490.1,167,54810,0,0
490.2,168,55625,0,1
490.3,168,56217,0,0
490.4,168,56656,0,0
490.5,168,57068,0,0
490.6,168,57591,0,0
490.7,168,57935,0,0
490.8,168,58158,0,0
490.9,168,58397,0,0
491,168,58629,0,0
491.1,168,58562,0,0
491.2,168,58640,0,0
491.3,168,58481,0,0
491.4,167,58389,1,0
491.5,168,58003,0,1
491.6,166,57579,2,0
491.7,166,57189,0,0
491.8,166,56919,0,0
491.9,166,56478,0,0
492,166,56137,0,0
492.1,166,55649,0,0
492.2,166,55339,0,0
492.3,166,55182,0,0
492.4,166,55001,0,0
492.5,166,55082,0,0
492.6,166,54775,0,0
492.7,166,54518,0,0
492.8,166,54494,0,0
492.9,166,54486,0,0
493,167,54567,0,1
493.1,167,54543,0,0
493.2,167,54564,0,0
493.3,167,54706,0,0
493.4,167,54614,0,0
493.5,167,54697,0,0
493.6,167,54744,0,0
493.7,167,54804,0,0
493.8,167,54750,0,0
493.9,167,54828,0,0
494,167,54869,0,0
494.1,167,54738,0,0
494.2,167,54789,0,0
494.3,167,54934,0,0
494.4,167,54806,0,0
494.5,167,54819,0,0
494.6,167,54772,0,0
494.7,166,54781,1,0
494.8,166,54767,0,0
494.9,166,54617,0,0
495,166,54408,0,0
495.1,166,54299,0,0
495.2,166,54057,0,0
495.3,166,53730,0,0
495.4,166,53539,0,0
495.5,166,53289,0,0
495.6,166,53086,0,0
495.7,166,52802,0,0
495.8,166,52672,0,0
495.9,166,52376,0,0
496,166,52095,0,0
496.1,166,51889,0,0
496.2,166,51692,0,0
496.3,167,51773,0,1
496.4,167,51683,0,0
496.5,168,51568,0,1
496.6,169,51318,0,1
496.7,169,51168,0,0
496.8,170,51170,0,1
496.9,170,51066,0,0
497,170,50880,0,0
497.1,170,50827,0,0
497.2,170,50732,0,0
497.3,170,50575,0,0
497.4,170,50551,0,0
497.5,170,50357,0,0
497.6,170,50185,0,0
497.7,170,49967,0,0
497.8,169,49812,1,0
497.9,169,49676,0,0
498,169,49307,0,0
498.1,169,49071,0,0
498.2,169,48726,0,0
498.3,169,48412,0,0
498.4,169,48348,0,0
498.5,169,48021,0,0
498.6,169,47749,0,0
498.7,169,47534,1,1
498.8,169,47202,0,0
498.9,169,47074,0,0
499,169,47049,0,0
499.1,169,46924,0,0
499.2,168,46792,1,0
499.3,168,46780,0,0
499.4,168,46804,0,0
499.5,168,46755,0,0
499.6,168,46790,0,0
499.7,168,46930,0,0
499.8,168,46961,0,0
499.9,169,47205,0,1
500,169,47542,0,0
